日期,公司类型,企业类型,日现金流,月累计现金流,月预计现金流,比上月日均,比计划日均,月累计环比,比计划进度,企业现金流,产品产量,高限负荷率
2015-01-01,股份公司,燕山,353,594,1501,831,333,1490,833,272,517,411
2015-01-01,股份公司,天津,809,357,1268,428,582,1244,17,291,883,199
2015-01-01,股份公司,高桥,39,984,1422,816,464,592,1119,427,777,105
2015-01-01,股份公司,广州,173,1006,1712,583,199,1798,1080,339,549,322
2015-01-01,资产公司,江汉,1475,40,934,557,687,151,429,44,291,412
2015-01-01,资产公司,金陵,1164,787,1824,275,283,250,1404,340,464,465
2015-01-01,资产公司,茂名,487,1070,1506,655,314,1178,917,434,721,311
2015-01-01,资产公司,齐鲁,415,1325,961,667,783,1568,515,295,658,426
2015-01-02,股份公司,上海,1066,862,1351,157,462,412,1133,365,132,108
2015-01-02,股份公司,石家庄,22,260,270,909,207,2288,1302,420,285,238
2015-01-02,股份公司,扬子,297,98,1106,817,263,491,1281,206,622,19
2015-01-02,股份公司,仪征,601,601,1743,231,796,255,1019,452,493,487
2015-01-02,资产公司,镇海,285,506,117,548,345,776,501,432,791,468
2015-01-02,资产公司,中原,279,771,1648,190,619,771,929,110,837,15
2015-01-02,资产公司,湖北化肥,325,33,1137,431,833,1969,1175,250,277,117
2015-01-02,资产公司,安庆,1123,114,530,508,889,1924,669,97,879,395
2015-01-03,股份公司,海南,1261,565,1030,423,398,204,511,248,272,284
2015-01-03,股份公司,洛阳,1221,46,389,259,906,78,17,424,918,380
2015-01-03,股份公司,武汉乙烯,1333,198,1184,955,315,1039,305,442,167,67
2015-01-03,股份公司,南化,129,601,1759,28,1037,1429,1299,388,830,306
2015-01-03,资产公司,燕山,1041,549,1691,376,851,1100,909,102,440,267
2015-01-03,资产公司,天津,157,506,728,427,993,446,1029,281,55,24
2015-01-03,资产公司,高桥,936,1291,1621,534,462,1961,608,281,555,213
2015-01-03,资产公司,广州,323,132,1775,102,64,1911,595,447,548,9
2015-01-04,股份公司,江汉,34,402,1345,626,521,1407,651,227,124,283
2015-01-04,股份公司,金陵,1413,1023,231,338,1095,1479,516,16,360,70
2015-01-04,股份公司,茂名,444,276,1564,150,475,1086,427,269,102,330
2015-01-04,股份公司,齐鲁,1391,1087,48,54,718,639,69,464,432,131
2015-01-04,资产公司,上海,276,1119,373,644,527,2366,63,220,712,344
2015-01-04,资产公司,石家庄,354,1091,1341,269,576,1037,596,319,260,155
2015-01-04,资产公司,扬子,1251,1033,1942,976,871,1605,6,61,29,290
2015-01-04,资产公司,仪征,34,411,1054,102,1181,1980,1123,136,60,135
2015-01-05,股份公司,镇海,355,22,1866,760,166,1477,1473,142,366,452
2015-01-05,股份公司,中原,1170,1003,692,77,302,2134,863,315,451,414
2015-01-05,股份公司,湖北化肥,404,443,1512,527,307,1048,107,24,979,164
2015-01-05,股份公司,安庆,643,1312,922,740,401,340,190,230,918,471
2015-01-05,资产公司,海南,1195,1249,1954,122,1153,46,1027,35,958,463
2015-01-05,资产公司,洛阳,1173,768,1468,197,525,2302,373,101,750,416
2015-01-05,资产公司,武汉乙烯,1292,952,911,985,882,1346,1294,452,811,243
2015-01-05,资产公司,南化,506,734,135,113,928,932,515,468,872,462
2015-01-06,股份公司,燕山,625,394,1856,831,535,1315,1471,170,241,155
2015-01-06,股份公司,天津,1452,1192,250,663,1124,35,876,308,930,378
2015-01-06,股份公司,高桥,516,546,1139,305,217,1705,253,202,122,49
2015-01-06,股份公司,广州,1069,1055,1294,703,835,1923,108,390,381,469
2015-01-06,资产公司,江汉,147,1056,1507,137,86,2442,550,328,494,61
2015-01-06,资产公司,金陵,975,1341,298,180,106,109,1112,7,891,301
2015-01-06,资产公司,茂名,442,306,1784,227,973,1911,1419,423,326,19
2015-01-06,资产公司,齐鲁,1010,234,1764,556,1031,1150,534,19,373,117
2015-01-07,股份公司,上海,283,1071,901,50,196,2284,633,346,786,30
2015-01-07,股份公司,石家庄,323,101,396,828,546,281,50,399,344,88
2015-01-07,股份公司,扬子,1424,99,267,244,210,2085,848,286,477,410
2015-01-07,股份公司,仪征,347,1444,1354,941,852,2095,1150,448,455,135
2015-01-07,资产公司,镇海,9,87,1483,937,466,2249,17,49,356,468
2015-01-07,资产公司,中原,393,513,712,158,64,1787,120,372,471,332
2015-01-07,资产公司,湖北化肥,1113,1297,1277,459,199,2058,1005,339,417,231
2015-01-07,资产公司,安庆,1000,528,582,529,428,1968,986,366,349,331
2015-01-08,股份公司,海南,211,1109,731,917,1010,1107,438,464,202,246
2015-01-08,股份公司,洛阳,607,905,577,606,641,1838,653,77,563,311
2015-01-08,股份公司,武汉乙烯,782,986,479,184,408,1022,50,319,390,467
2015-01-08,股份公司,南化,232,450,1674,794,740,2184,452,447,577,116
2015-01-08,资产公司,燕山,1277,952,984,554,571,226,720,462,421,456
2015-01-08,资产公司,天津,693,447,1133,876,479,2233,1056,300,889,467
2015-01-08,资产公司,高桥,520,1309,877,794,624,1410,1394,353,638,444
2015-01-08,资产公司,广州,37,730,1317,27,520,836,815,421,434,35
2015-01-09,股份公司,江汉,576,1147,802,724,574,256,260,212,171,417
2015-01-09,股份公司,金陵,44,1369,1083,247,264,1427,1403,69,933,332
2015-01-09,股份公司,茂名,122,978,340,828,293,1207,752,178,261,464
2015-01-09,股份公司,齐鲁,778,413,230,144,298,1553,1334,245,372,258
2015-01-09,资产公司,上海,494,731,1710,201,463,2183,1155,169,391,287
2015-01-09,资产公司,石家庄,843,821,1145,486,29,1135,849,298,798,206
2015-01-09,资产公司,扬子,37,378,423,740,269,1119,1416,9,704,31
2015-01-09,资产公司,仪征,1386,267,376,717,1134,2465,1341,49,619,29
2015-01-10,股份公司,镇海,17,1386,1453,672,284,2341,608,478,26,313
2015-01-10,股份公司,中原,762,36,491,100,677,742,339,244,907,286
2015-01-10,股份公司,湖北化肥,1153,681,1405,110,438,428,1012,11,843,163
2015-01-10,股份公司,安庆,1319,1219,210,977,755,1012,907,44,911,211
2015-01-10,资产公司,海南,445,1233,1771,427,322,1852,576,448,227,436
2015-01-10,资产公司,洛阳,884,738,296,165,106,1453,366,201,900,410
2015-01-10,资产公司,武汉乙烯,1484,1130,794,566,365,1851,1336,261,328,392
2015-01-10,资产公司,南化,166,582,1709,629,230,483,709,51,434,226
2015-01-11,股份公司,燕山,717,394,1046,20,631,439,1011,46,821,269
2015-01-11,股份公司,天津,34,1271,1397,518,687,2422,652,361,899,330
2015-01-11,股份公司,高桥,26,271,1716,409,926,11,745,401,92,253
2015-01-11,股份公司,广州,1256,272,248,899,393,1651,876,420,337,369
2015-01-11,资产公司,江汉,155,499,941,70,290,2228,1100,392,917,320
2015-01-11,资产公司,金陵,1357,28,801,798,950,739,391,74,884,474
2015-01-11,资产公司,茂名,797,609,594,964,515,1207,176,317,118,456
2015-01-11,资产公司,齐鲁,1107,744,1268,818,226,504,1146,479,677,166
2015-01-12,股份公司,上海,678,415,177,470,722,270,871,467,340,70
2015-01-12,股份公司,石家庄,5,605,791,112,1026,251,395,337,599,131
2015-01-12,股份公司,扬子,1140,319,692,317,719,185,56,328,873,441
2015-01-12,股份公司,仪征,836,782,1573,296,122,2265,31,179,250,331
2015-01-12,资产公司,镇海,1020,1330,93,441,984,1288,331,407,260,24
2015-01-12,资产公司,中原,1015,55,1871,68,214,659,1439,168,252,310
2015-01-12,资产公司,湖北化肥,78,486,1241,515,8,256,877,480,977,214
2015-01-12,资产公司,安庆,1018,1146,1845,66,1150,1593,1291,273,589,164
2015-01-13,股份公司,海南,424,685,1905,408,772,1932,361,189,68,332
2015-01-13,股份公司,洛阳,732,602,1105,168,840,1618,155,235,60,137
2015-01-13,股份公司,武汉乙烯,879,409,475,583,63,1938,874,301,50,108
2015-01-13,股份公司,南化,764,311,415,341,67,76,602,281,148,57
2015-01-13,资产公司,燕山,1332,205,10,343,428,496,194,399,556,337
2015-01-13,资产公司,天津,123,1196,312,311,833,1328,888,174,461,69
2015-01-13,资产公司,高桥,1050,191,698,666,233,1444,330,233,66,322
2015-01-13,资产公司,广州,333,879,1189,98,237,2014,848,375,118,295
2015-01-14,股份公司,江汉,326,516,322,875,1164,2340,1191,425,3,244
2015-01-14,股份公司,金陵,257,1234,634,714,975,1349,453,182,655,38
2015-01-14,股份公司,茂名,721,1350,1278,48,207,1142,1426,338,823,73
2015-01-14,股份公司,齐鲁,559,680,13,942,319,2181,559,89,873,201
2015-01-14,资产公司,上海,776,1227,281,945,951,974,1241,154,800,408
2015-01-14,资产公司,石家庄,644,1402,836,384,856,1887,1160,243,422,200
2015-01-14,资产公司,扬子,557,407,1032,962,871,2426,1476,71,125,271
2015-01-14,资产公司,仪征,134,300,1470,616,367,1950,1465,162,148,32
2015-01-15,股份公司,镇海,189,144,51,882,135,772,49,79,546,33
2015-01-15,股份公司,中原,19,332,1614,802,82,1650,51,465,946,150
2015-01-15,股份公司,湖北化肥,885,778,1006,24,1138,2193,104,184,57,136
2015-01-15,股份公司,安庆,1467,745,1809,523,391,1640,1400,24,63,173
2015-01-15,资产公司,海南,1380,190,1496,500,737,2194,845,333,43,223
2015-01-15,资产公司,洛阳,286,990,829,157,133,55,1093,211,831,238
2015-01-15,资产公司,武汉乙烯,444,412,1630,855,711,2293,1324,27,928,346
2015-01-15,资产公司,南化,248,345,210,31,939,2262,861,179,414,51
2015-01-16,股份公司,燕山,1113,12,971,261,1114,2470,1027,354,825,361
2015-01-16,股份公司,天津,876,1008,506,173,1054,2044,217,107,523,322
2015-01-16,股份公司,高桥,1300,890,1138,50,818,938,837,285,407,135
2015-01-16,股份公司,广州,939,528,1741,86,819,2438,424,153,156,172
2015-01-16,资产公司,江汉,382,1442,1954,847,732,754,1058,307,846,429
2015-01-16,资产公司,金陵,917,15,590,327,36,2325,157,352,154,351
2015-01-16,资产公司,茂名,832,403,10,608,94,1858,639,242,796,68
2015-01-16,资产公司,齐鲁,1081,1102,256,104,959,2147,716,103,390,5
2015-01-17,股份公司,上海,780,359,1827,241,125,190,244,363,323,210
2015-01-17,股份公司,石家庄,851,97,908,895,286,2401,698,390,637,181
2015-01-17,股份公司,扬子,315,880,1697,371,359,361,473,176,777,383
2015-01-17,股份公司,仪征,416,817,1293,632,558,131,862,460,374,74
2015-01-17,资产公司,镇海,848,173,384,437,765,580,263,24,690,336
2015-01-17,资产公司,中原,713,120,1250,566,827,2331,1193,159,364,476
2015-01-17,资产公司,湖北化肥,1153,1036,1736,936,186,1249,415,290,631,233
2015-01-17,资产公司,安庆,1330,1436,452,178,557,21,1159,199,288,398
2015-01-18,股份公司,海南,38,1140,901,67,834,2417,787,30,436,294
2015-01-18,股份公司,洛阳,753,3,1615,169,948,1805,125,359,645,99
2015-01-18,股份公司,武汉乙烯,423,1182,1335,636,672,1261,557,15,607,245
2015-01-18,股份公司,南化,21,817,744,900,1032,2369,1265,47,784,27
2015-01-18,资产公司,燕山,112,153,1055,725,968,599,667,17,493,174
2015-01-18,资产公司,天津,285,480,1079,797,362,226,2,377,935,420
2015-01-18,资产公司,高桥,695,97,1172,338,1090,1217,957,76,339,57
2015-01-18,资产公司,广州,1050,590,39,233,985,378,1391,341,479,363
2015-01-19,股份公司,江汉,244,356,1564,642,1099,2242,677,152,904,96
2015-01-19,股份公司,金陵,1484,1369,1519,771,868,1981,167,270,386,405
2015-01-19,股份公司,茂名,744,821,343,577,1147,143,839,62,670,95
2015-01-19,股份公司,齐鲁,49,399,1114,381,175,1277,928,172,310,461
2015-01-19,资产公司,上海,779,854,1265,181,1060,1225,313,3,486,318
2015-01-19,资产公司,石家庄,865,1318,1025,813,1090,2457,429,178,224,246
2015-01-19,资产公司,扬子,1139,249,1893,838,62,818,890,163,137,437
2015-01-19,资产公司,仪征,1412,102,970,366,896,2285,247,30,813,482
2015-01-20,股份公司,镇海,842,1029,1185,302,667,699,522,294,854,296
2015-01-20,股份公司,中原,988,841,1892,867,742,1677,883,16,947,187
2015-01-20,股份公司,湖北化肥,1408,853,1289,59,301,1012,669,451,205,305
2015-01-20,股份公司,安庆,258,120,362,356,727,931,725,50,369,355
2015-01-20,资产公司,海南,1248,676,173,209,954,719,381,370,218,281
2015-01-20,资产公司,洛阳,950,1188,745,101,65,1486,239,342,958,267
2015-01-20,资产公司,武汉乙烯,672,406,144,750,523,2179,353,30,950,307
2015-01-20,资产公司,南化,402,319,1919,288,413,1226,1365,116,963,53
2015-01-21,股份公司,燕山,1211,1186,483,890,679,187,575,359,20,52
2015-01-21,股份公司,天津,1456,1033,1843,147,814,1432,485,35,454,185
2015-01-21,股份公司,高桥,1364,371,1010,905,409,450,1222,328,873,116
2015-01-21,股份公司,广州,1479,1039,1589,143,469,446,1298,81,305,4
2015-01-21,资产公司,江汉,34,569,9,145,936,1387,939,235,715,235
2015-01-21,资产公司,金陵,1451,1443,1733,155,472,1523,1186,29,831,479
2015-01-21,资产公司,茂名,1111,714,867,93,1178,368,617,322,712,115
2015-01-21,资产公司,齐鲁,694,1372,89,893,892,869,1254,197,967,402
2015-01-22,股份公司,上海,1468,502,773,510,1034,629,1228,216,818,398
2015-01-22,股份公司,石家庄,431,1115,962,901,253,818,1131,342,506,150
2015-01-22,股份公司,扬子,514,1231,1922,798,1177,1605,714,415,418,99
2015-01-22,股份公司,仪征,452,475,84,432,295,1664,961,132,843,318
2015-01-22,资产公司,镇海,1145,622,17,678,197,1915,462,284,326,177
2015-01-22,资产公司,中原,572,1161,345,271,377,1498,822,328,750,323
2015-01-22,资产公司,湖北化肥,863,1181,1854,880,930,263,1143,444,574,217
2015-01-22,资产公司,安庆,1474,370,1727,261,189,800,163,24,247,476
2015-01-23,股份公司,海南,340,79,203,471,861,1172,230,136,954,118
2015-01-23,股份公司,洛阳,556,454,157,605,1175,2338,94,96,384,291
2015-01-23,股份公司,武汉乙烯,702,1195,126,342,417,2365,133,157,385,104
2015-01-23,股份公司,南化,1037,633,1252,605,1068,579,405,112,681,212
2015-01-23,资产公司,燕山,687,53,230,860,573,983,1155,63,503,246
2015-01-23,资产公司,天津,146,1165,756,234,773,2347,593,348,678,190
2015-01-23,资产公司,高桥,723,224,1148,68,599,533,1206,193,166,111
2015-01-23,资产公司,广州,159,1209,447,580,1098,770,460,282,250,80
2015-01-24,股份公司,江汉,172,542,170,859,847,1972,1403,25,674,481
2015-01-24,股份公司,金陵,524,1153,1198,450,1058,181,222,215,756,457
2015-01-24,股份公司,茂名,100,405,385,181,913,968,202,83,183,172
2015-01-24,股份公司,齐鲁,14,1402,258,747,401,626,673,160,589,25
2015-01-24,资产公司,上海,1057,1452,1639,395,1161,665,341,266,502,433
2015-01-24,资产公司,石家庄,266,1442,215,488,483,1192,570,333,486,349
2015-01-24,资产公司,扬子,294,73,402,780,827,2086,78,187,114,144
2015-01-24,资产公司,仪征,293,1052,1789,862,636,2463,169,66,676,217
2015-01-25,股份公司,镇海,1437,810,1351,202,377,532,1371,284,133,26
2015-01-25,股份公司,中原,180,1225,814,301,921,823,304,246,128,430
2015-01-25,股份公司,湖北化肥,879,1417,218,517,1127,314,516,213,886,75
2015-01-25,股份公司,安庆,80,1431,1085,770,993,2108,1254,342,571,61
2015-01-25,资产公司,海南,1372,953,892,912,958,1411,87,114,233,152
2015-01-25,资产公司,洛阳,807,672,1519,773,640,446,202,318,375,190
2015-01-25,资产公司,武汉乙烯,1145,204,1454,7,856,2173,457,160,168,222
2015-01-25,资产公司,南化,265,266,1861,780,175,878,1411,139,174,489
2015-01-26,股份公司,燕山,1051,96,261,382,879,860,1227,14,368,68
2015-01-26,股份公司,天津,1151,666,1911,742,678,773,60,247,481,145
2015-01-26,股份公司,高桥,135,1451,1053,520,550,1336,1001,253,291,435
2015-01-26,股份公司,广州,97,126,564,106,919,1524,161,427,828,228
2015-01-26,资产公司,江汉,269,265,1683,719,936,1829,95,201,434,220
2015-01-26,资产公司,金陵,1436,702,1624,984,995,284,955,421,447,262
2015-01-26,资产公司,茂名,299,285,461,698,184,516,1081,445,542,228
2015-01-26,资产公司,齐鲁,292,886,1427,819,473,1353,1324,458,667,305
2015-01-27,股份公司,上海,983,1416,1277,894,532,1978,253,357,686,139
2015-01-27,股份公司,石家庄,491,188,354,948,1127,634,143,119,404,69
2015-01-27,股份公司,扬子,425,745,1124,433,236,1637,1418,446,761,369
2015-01-27,股份公司,仪征,126,1014,799,601,801,1544,1113,319,681,479
2015-01-27,资产公司,镇海,975,514,119,417,805,1234,134,274,480,333
2015-01-27,资产公司,中原,981,483,1358,899,250,490,580,232,671,216
2015-01-27,资产公司,湖北化肥,337,458,456,573,2,2387,1239,195,800,268
2015-01-27,资产公司,安庆,511,779,556,609,843,2303,1363,248,326,60
2015-01-28,股份公司,海南,968,1412,480,727,919,1709,223,1,683,82
2015-01-28,股份公司,洛阳,111,833,637,675,995,1657,1476,357,687,113
2015-01-28,股份公司,武汉乙烯,642,495,329,288,907,1853,728,172,84,465
2015-01-28,股份公司,南化,119,958,1567,159,770,1371,1059,408,269,423
2015-01-28,资产公司,燕山,529,835,1557,656,1097,365,256,197,353,488
2015-01-28,资产公司,天津,206,1042,1027,896,255,1584,1302,469,446,406
2015-01-28,资产公司,高桥,524,917,1663,899,99,1132,258,31,7,82
2015-01-28,资产公司,广州,1013,674,512,271,73,411,1089,274,468,459
2015-01-29,股份公司,江汉,274,820,939,439,151,1172,626,395,969,284
2015-01-29,股份公司,金陵,155,1405,1762,191,289,152,813,81,226,305
2015-01-29,股份公司,茂名,587,1036,911,15,29,1326,213,25,518,476
2015-01-29,股份公司,齐鲁,946,81,1280,503,376,1015,10,336,605,79
2015-01-29,资产公司,上海,166,1370,530,398,912,2143,1269,193,900,34
2015-01-29,资产公司,石家庄,817,1003,735,296,1072,1677,1217,58,289,275
2015-01-29,资产公司,扬子,1209,50,146,320,647,1175,13,412,275,468
2015-01-29,资产公司,仪征,678,1311,1789,10,74,1154,1442,71,703,187
2015-01-30,股份公司,镇海,592,1126,1888,639,456,145,1038,271,548,271
2015-01-30,股份公司,中原,367,981,1241,99,760,233,1409,261,109,167
2015-01-30,股份公司,湖北化肥,599,1071,1259,53,388,1439,1092,194,349,415
2015-01-30,股份公司,安庆,541,666,494,441,294,2049,1030,265,302,457
2015-01-30,资产公司,海南,376,767,56,933,788,1533,314,103,82,96
2015-01-30,资产公司,洛阳,598,840,878,457,1151,134,1182,415,916,263
2015-01-30,资产公司,武汉乙烯,1067,1307,1754,418,683,1895,1246,151,401,287
2015-01-30,资产公司,南化,1451,1029,714,717,905,778,427,448,657,109
2015-01-31,股份公司,燕山,49,72,1560,667,627,1746,598,347,270,193
2015-01-31,股份公司,天津,372,950,365,420,733,729,505,221,882,173
2015-01-31,股份公司,高桥,514,592,553,321,28,275,865,61,131,122
2015-01-31,股份公司,广州,1218,408,601,472,520,1964,393,417,924,298
2015-01-31,资产公司,江汉,1181,1168,1080,853,955,2128,882,320,615,381
2015-01-31,资产公司,金陵,822,485,238,255,478,214,377,35,230,387
2015-01-31,资产公司,茂名,228,565,614,192,468,1711,402,137,655,270
2015-01-31,资产公司,齐鲁,340,1421,1679,617,484,1049,901,12,596,359
2015-02-01,股份公司,上海,390,486,1225,327,197,1240,934,298,797,338
2015-02-01,股份公司,石家庄,646,458,1306,103,880,539,492,205,248,239
2015-02-01,股份公司,扬子,1310,219,1426,892,401,24,485,72,167,9
2015-02-01,股份公司,仪征,1414,850,1089,899,952,1974,410,288,748,192
2015-02-01,资产公司,镇海,940,336,1141,820,441,2163,396,258,404,354
2015-02-01,资产公司,中原,414,319,1819,318,244,1184,547,401,434,167
2015-02-01,资产公司,湖北化肥,907,156,1563,35,956,2245,1013,227,728,478
2015-02-01,资产公司,安庆,170,112,1367,539,989,1526,673,161,139,71
2015-02-02,股份公司,海南,1135,266,1029,676,132,249,504,109,473,163
2015-02-02,股份公司,洛阳,438,130,1708,410,957,1133,943,415,802,288
2015-02-02,股份公司,武汉乙烯,1178,1100,327,572,306,55,1108,228,284,331
2015-02-02,股份公司,南化,688,431,1100,684,169,1540,371,46,179,404
2015-02-02,资产公司,燕山,1040,1225,133,26,138,1601,265,26,455,259
2015-02-02,资产公司,天津,363,551,1651,14,261,172,694,275,698,394
2015-02-02,资产公司,高桥,624,111,1062,553,887,2111,882,383,187,466
2015-02-02,资产公司,广州,349,1282,1461,461,1089,489,709,107,658,436
2015-02-03,股份公司,江汉,149,1172,1607,273,1017,1709,333,329,860,478
2015-02-03,股份公司,金陵,334,481,37,935,164,1651,1035,449,186,234
2015-02-03,股份公司,茂名,7,641,332,981,362,1564,486,183,202,294
2015-02-03,股份公司,齐鲁,1457,1238,471,486,446,1594,1179,175,404,99
2015-02-03,资产公司,上海,172,139,1479,829,974,1884,1192,224,644,459
2015-02-03,资产公司,石家庄,1287,1280,1127,980,134,925,500,85,603,388
2015-02-03,资产公司,扬子,1156,1211,866,580,969,2393,1326,231,939,19
2015-02-03,资产公司,仪征,1360,1239,1627,494,95,1762,438,196,935,87
2015-02-04,股份公司,镇海,445,1241,1585,442,885,1396,764,102,948,386
2015-02-04,股份公司,中原,1095,200,1859,117,318,2157,333,74,304,129
2015-02-04,股份公司,湖北化肥,663,1058,917,399,1009,1483,538,480,337,222
2015-02-04,股份公司,安庆,331,957,1677,338,732,1629,418,250,300,334
2015-02-04,资产公司,海南,1027,601,77,274,569,714,1117,143,901,137
2015-02-04,资产公司,洛阳,879,1148,720,854,992,1532,1045,183,630,106
2015-02-04,资产公司,武汉乙烯,1070,495,1632,696,1180,1155,60,126,451,225
2015-02-04,资产公司,南化,4,1101,782,545,146,319,1136,270,88,123
2015-02-05,股份公司,燕山,385,254,143,9,585,336,383,224,562,387
2015-02-05,股份公司,天津,1416,154,244,105,615,77,1057,206,530,167
2015-02-05,股份公司,高桥,1176,398,748,895,168,1364,873,458,449,260
2015-02-05,股份公司,广州,476,1129,466,643,1108,1001,1434,148,112,168
2015-02-05,资产公司,江汉,604,720,33,666,670,184,1224,29,585,212
2015-02-05,资产公司,金陵,337,1058,1263,111,174,1045,191,236,678,172
2015-02-05,资产公司,茂名,1215,84,1822,573,778,1260,331,138,829,432
2015-02-05,资产公司,齐鲁,674,963,763,180,763,2393,909,21,72,214
2015-02-06,股份公司,上海,1086,1368,1667,524,832,915,1477,93,511,277
2015-02-06,股份公司,石家庄,310,218,535,247,538,1729,522,419,185,196
2015-02-06,股份公司,扬子,1439,129,1296,305,122,645,418,160,655,114
2015-02-06,股份公司,仪征,340,807,96,247,7,1290,927,393,44,110
2015-02-06,资产公司,镇海,1256,1324,1614,420,1044,2264,96,27,493,27
2015-02-06,资产公司,中原,1301,1374,449,95,1181,1387,793,273,107,15
2015-02-06,资产公司,湖北化肥,139,1162,826,633,1109,2442,25,461,15,230
2015-02-06,资产公司,安庆,607,477,1888,109,529,2036,982,286,436,345
2015-02-07,股份公司,海南,603,28,1383,136,526,1725,621,436,152,214
2015-02-07,股份公司,洛阳,1475,935,113,406,20,1922,785,207,230,7
2015-02-07,股份公司,武汉乙烯,325,252,1585,871,870,1887,566,314,526,213
2015-02-07,股份公司,南化,325,1340,73,136,756,1553,873,186,454,157
2015-02-07,资产公司,燕山,275,970,786,390,772,2112,920,91,581,164
2015-02-07,资产公司,天津,347,352,1812,93,4,2096,355,319,314,62
2015-02-07,资产公司,高桥,1393,1284,933,840,477,559,269,92,597,33
2015-02-07,资产公司,广州,502,1350,1505,277,526,2464,1417,405,726,449
2015-02-08,股份公司,江汉,1031,437,874,646,1188,1131,1425,6,141,11
2015-02-08,股份公司,金陵,122,926,242,190,602,1837,453,375,178,482
2015-02-08,股份公司,茂名,801,1,674,563,168,2260,214,22,707,145
2015-02-08,股份公司,齐鲁,750,257,1152,919,955,997,324,246,40,329
2015-02-08,资产公司,上海,211,653,1636,558,204,75,377,86,615,218
2015-02-08,资产公司,石家庄,172,967,1442,802,1041,148,559,29,603,417
2015-02-08,资产公司,扬子,329,1067,1690,218,317,1443,552,83,245,17
2015-02-08,资产公司,仪征,1303,566,1488,860,428,1452,828,53,945,466
2015-02-09,股份公司,镇海,40,867,1414,68,940,778,590,344,362,430
2015-02-09,股份公司,中原,745,176,638,388,755,203,505,87,264,168
2015-02-09,股份公司,湖北化肥,476,503,951,861,746,58,241,159,669,265
2015-02-09,股份公司,安庆,686,1135,502,276,786,2255,494,159,838,91
2015-02-09,资产公司,海南,278,693,313,537,937,292,192,368,391,27
2015-02-09,资产公司,洛阳,661,1236,724,502,742,451,409,382,828,254
2015-02-09,资产公司,武汉乙烯,187,1133,1255,556,418,743,298,91,682,321
2015-02-09,资产公司,南化,1003,1267,468,525,629,1834,760,186,252,138
2015-02-10,股份公司,燕山,568,779,685,825,1113,331,112,117,546,149
2015-02-10,股份公司,天津,276,546,550,191,1190,860,517,454,158,366
2015-02-10,股份公司,高桥,628,1290,159,934,285,474,206,214,437,9
2015-02-10,股份公司,广州,810,1343,220,354,790,996,524,453,13,323
2015-02-10,资产公司,江汉,227,573,1041,477,609,1539,638,339,925,204
2015-02-10,资产公司,金陵,938,1321,666,458,302,457,507,23,892,464
2015-02-10,资产公司,茂名,5,296,318,418,239,100,511,175,807,375
2015-02-10,资产公司,齐鲁,536,566,808,470,1161,653,564,62,553,333
2015-02-11,股份公司,上海,678,1314,123,269,950,1502,1431,3,621,282
2015-02-11,股份公司,石家庄,22,902,356,481,928,37,1310,368,508,482
2015-02-11,股份公司,扬子,747,1062,815,514,580,1656,72,119,904,135
2015-02-11,股份公司,仪征,677,223,1267,322,588,2147,431,10,944,267
2015-02-11,资产公司,镇海,934,730,1544,143,889,2387,853,92,413,53
2015-02-11,资产公司,中原,1457,532,892,25,433,599,1046,4,928,138
2015-02-11,资产公司,湖北化肥,618,1011,348,861,1109,1416,702,229,177,120
2015-02-11,资产公司,安庆,1043,1272,337,455,476,1587,1356,47,905,267
2015-02-12,股份公司,海南,727,701,542,711,652,2276,861,133,972,327
2015-02-12,股份公司,洛阳,1399,213,1247,927,48,2432,996,388,455,424
2015-02-12,股份公司,武汉乙烯,710,1054,1276,21,683,919,293,154,243,439
2015-02-12,股份公司,南化,115,185,1264,546,853,114,896,147,600,347
2015-02-12,资产公司,燕山,897,952,1341,884,1074,125,618,45,902,5
2015-02-12,资产公司,天津,455,886,122,818,225,1394,1465,95,278,318
2015-02-12,资产公司,高桥,963,1265,1689,484,863,1140,944,447,696,484
2015-02-12,资产公司,广州,454,172,111,190,71,1251,796,204,606,170
2015-02-13,股份公司,江汉,602,747,633,494,1015,2182,1054,63,814,7
2015-02-13,股份公司,金陵,605,1367,1776,889,833,826,1290,105,544,348
2015-02-13,股份公司,茂名,777,723,533,13,39,366,1447,150,506,157
2015-02-13,股份公司,齐鲁,530,1122,709,357,426,1775,873,37,72,57
2015-02-13,资产公司,上海,1482,1307,1338,232,5,474,560,228,418,177
2015-02-13,资产公司,石家庄,497,1457,721,788,266,136,625,435,963,145
2015-02-13,资产公司,扬子,79,187,232,770,644,1247,816,379,539,9
2015-02-13,资产公司,仪征,1399,1054,917,572,1147,1786,688,18,605,282
2015-02-14,股份公司,镇海,1172,226,1769,459,875,23,197,14,200,52
2015-02-14,股份公司,中原,350,1095,663,70,61,2213,120,108,159,334
2015-02-14,股份公司,湖北化肥,408,327,1519,602,461,1936,503,127,971,450
2015-02-14,股份公司,安庆,1146,1454,1761,785,790,263,241,180,814,385
2015-02-14,资产公司,海南,1438,1042,162,293,1,2448,1179,276,570,49
2015-02-14,资产公司,洛阳,884,1212,1589,166,848,720,1231,37,403,446
2015-02-14,资产公司,武汉乙烯,811,946,1387,65,79,530,968,273,283,393
2015-02-14,资产公司,南化,927,491,598,245,588,1131,161,169,425,96
2015-02-15,股份公司,燕山,106,886,1316,502,1085,2150,891,294,860,362
2015-02-15,股份公司,天津,118,1425,36,377,1101,64,411,51,64,343
2015-02-15,股份公司,高桥,997,1167,486,190,392,1871,1000,224,385,141
2015-02-15,股份公司,广州,939,283,1787,276,968,1427,391,477,230,337
2015-02-15,资产公司,江汉,202,1086,816,499,120,1359,1209,250,458,142
2015-02-15,资产公司,金陵,190,392,1895,473,477,1950,364,37,434,375
2015-02-15,资产公司,茂名,1230,587,941,447,994,838,348,132,870,403
2015-02-15,资产公司,齐鲁,353,1451,894,629,965,1004,662,375,905,245
2015-02-16,股份公司,上海,883,425,1682,429,672,238,1248,43,362,331
2015-02-16,股份公司,石家庄,197,876,1621,754,509,2360,910,439,528,12
2015-02-16,股份公司,扬子,42,1210,1208,800,644,812,1016,438,545,65
2015-02-16,股份公司,仪征,68,1271,969,123,793,1079,951,451,209,467
2015-02-16,资产公司,镇海,608,1457,213,159,891,2335,1185,190,713,205
2015-02-16,资产公司,中原,244,903,1616,802,953,2017,1473,213,789,442
2015-02-16,资产公司,湖北化肥,682,1275,796,178,609,1264,568,39,317,257
2015-02-16,资产公司,安庆,137,1389,561,14,74,2373,604,109,880,224
2015-02-17,股份公司,海南,1176,853,1477,531,26,1300,29,305,284,257
2015-02-17,股份公司,洛阳,497,187,1053,760,944,1503,1132,341,716,348
2015-02-17,股份公司,武汉乙烯,677,307,793,10,890,1328,547,72,467,310
2015-02-17,股份公司,南化,345,1170,941,376,456,68,336,310,478,206
2015-02-17,资产公司,燕山,349,1334,856,382,228,1575,45,12,370,51
2015-02-17,资产公司,天津,139,722,592,768,480,1126,1255,187,138,463
2015-02-17,资产公司,高桥,561,40,1576,586,929,1664,182,173,49,340
2015-02-17,资产公司,广州,1398,349,1156,32,8,1247,1253,172,899,307
2015-02-18,股份公司,江汉,541,786,631,778,1015,613,955,209,217,336
2015-02-18,股份公司,金陵,808,880,1168,198,124,2186,1415,82,886,107
2015-02-18,股份公司,茂名,403,1383,506,0,1073,250,77,284,126,363
2015-02-18,股份公司,齐鲁,1443,50,1426,971,215,109,944,90,506,300
2015-02-18,资产公司,上海,1070,1023,1159,577,845,2106,1353,430,435,226
2015-02-18,资产公司,石家庄,745,45,471,280,248,702,130,2,194,0
2015-02-18,资产公司,扬子,1091,866,960,615,189,114,1004,451,481,156
2015-02-18,资产公司,仪征,90,723,1265,119,496,106,872,26,639,30
2015-02-19,股份公司,镇海,471,1196,1731,923,348,1833,623,107,810,333
2015-02-19,股份公司,中原,713,1357,962,651,74,1514,408,32,728,340
2015-02-19,股份公司,湖北化肥,1423,1057,938,294,520,7,852,53,817,218
2015-02-19,股份公司,安庆,891,1450,81,910,820,833,1475,312,567,42
2015-02-19,资产公司,海南,887,608,1845,521,389,2424,833,303,700,389
2015-02-19,资产公司,洛阳,159,59,719,626,1008,2042,1179,308,240,59
2015-02-19,资产公司,武汉乙烯,363,1299,464,454,65,274,349,116,651,352
2015-02-19,资产公司,南化,956,535,457,163,544,716,559,9,758,462
2015-02-20,股份公司,燕山,860,1102,1534,467,135,587,378,346,607,124
2015-02-20,股份公司,天津,95,810,1536,724,641,1265,954,127,764,193
2015-02-20,股份公司,高桥,88,556,810,864,27,2409,875,435,643,279
2015-02-20,股份公司,广州,1030,290,932,237,249,1339,292,72,673,227
2015-02-20,资产公司,江汉,753,835,1711,751,530,1963,252,178,268,354
2015-02-20,资产公司,金陵,33,1381,533,27,699,2084,996,39,476,263
2015-02-20,资产公司,茂名,925,430,522,254,1073,1289,1158,313,942,446
2015-02-20,资产公司,齐鲁,1075,785,332,1,978,1479,110,398,88,46
2015-02-21,股份公司,上海,987,922,1631,232,1188,1662,1369,94,778,310
2015-02-21,股份公司,石家庄,93,872,1856,734,419,1287,279,203,109,44
2015-02-21,股份公司,扬子,438,35,1224,114,944,1719,132,24,273,380
2015-02-21,股份公司,仪征,1281,41,226,87,213,1695,692,142,217,27
2015-02-21,资产公司,镇海,872,71,1436,653,708,2464,968,474,258,359
2015-02-21,资产公司,中原,941,248,1640,613,1185,1719,640,271,7,297
2015-02-21,资产公司,湖北化肥,940,156,416,483,309,1655,81,331,716,353
2015-02-21,资产公司,安庆,491,947,947,729,399,1326,383,254,10,476
2015-02-22,股份公司,海南,87,528,1743,985,1154,2062,424,145,555,192
2015-02-22,股份公司,洛阳,559,828,803,532,1101,413,1158,276,259,109
2015-02-22,股份公司,武汉乙烯,951,149,707,78,293,934,418,414,360,63
2015-02-22,股份公司,南化,512,894,211,698,234,1538,223,462,642,311
2015-02-22,资产公司,燕山,49,1211,1570,786,581,2040,1338,451,628,97
2015-02-22,资产公司,天津,449,129,1864,601,1100,578,909,216,294,4
2015-02-22,资产公司,高桥,671,1084,748,208,356,817,337,337,35,346
2015-02-22,资产公司,广州,1257,1284,1468,588,196,681,660,126,816,302
2015-02-23,股份公司,江汉,1173,1209,1786,140,539,269,631,157,601,473
2015-02-23,股份公司,金陵,80,1221,697,692,609,2449,240,427,705,120
2015-02-23,股份公司,茂名,1038,710,1723,257,589,1377,1012,297,949,53
2015-02-23,股份公司,齐鲁,913,140,823,244,719,1158,477,394,820,145
2015-02-23,资产公司,上海,803,1234,189,906,61,2305,1127,233,189,462
2015-02-23,资产公司,石家庄,816,549,1435,391,352,1060,165,336,700,482
2015-02-23,资产公司,扬子,1062,818,1843,707,991,1455,289,229,155,64
2015-02-23,资产公司,仪征,751,87,573,789,1046,1498,662,207,626,154
2015-02-24,股份公司,镇海,1389,1371,834,6,726,2418,925,345,780,330
2015-02-24,股份公司,中原,1219,50,814,873,475,2223,1056,370,66,274
2015-02-24,股份公司,湖北化肥,480,300,157,55,726,345,491,143,369,140
2015-02-24,股份公司,安庆,583,496,1793,552,1190,34,209,424,704,325
2015-02-24,资产公司,海南,1251,1396,290,723,1095,439,1011,408,674,27
2015-02-24,资产公司,洛阳,1415,620,1878,768,469,1217,1002,136,229,382
2015-02-24,资产公司,武汉乙烯,1472,885,263,986,1099,1495,430,218,61,163
2015-02-24,资产公司,南化,421,340,1810,640,726,1341,1353,176,571,247
2015-02-25,股份公司,燕山,1158,253,1676,340,365,1745,949,247,288,348
2015-02-25,股份公司,天津,835,808,248,139,355,1338,132,391,327,164
2015-02-25,股份公司,高桥,382,161,1757,762,184,1978,748,139,831,192
2015-02-25,股份公司,广州,1215,393,1227,19,1034,54,221,246,21,206
2015-02-25,资产公司,江汉,1232,266,1656,615,30,1223,1331,23,792,452
2015-02-25,资产公司,金陵,342,42,1175,444,151,673,257,381,455,319
2015-02-25,资产公司,茂名,981,1243,1949,637,200,1930,34,3,690,352
2015-02-25,资产公司,齐鲁,614,1457,1878,50,89,1157,406,132,297,3
2015-02-26,股份公司,上海,1067,538,1188,94,1104,1817,1480,196,583,240
2015-02-26,股份公司,石家庄,1421,534,1035,12,291,688,854,369,318,113
2015-02-26,股份公司,扬子,105,211,1,712,906,2116,692,470,55,323
2015-02-26,股份公司,仪征,1373,1413,1243,275,846,461,1055,311,814,322
2015-02-26,资产公司,镇海,1037,1129,1522,509,1113,763,1047,325,258,390
2015-02-26,资产公司,中原,814,1330,75,226,1048,202,688,318,813,399
2015-02-26,资产公司,湖北化肥,685,1328,359,315,256,683,349,204,943,22
2015-02-26,资产公司,安庆,417,1375,1389,604,693,1351,1403,370,445,429
2015-02-27,股份公司,海南,936,167,1948,14,1183,259,205,77,74,409
2015-02-27,股份公司,洛阳,483,169,1311,743,1067,1473,1216,174,937,273
2015-02-27,股份公司,武汉乙烯,1375,713,836,795,457,296,1446,259,499,301
2015-02-27,股份公司,南化,1333,137,1630,430,768,2294,275,280,532,180
2015-02-27,资产公司,燕山,135,165,1745,257,521,1892,1106,37,177,196
2015-02-27,资产公司,天津,1441,753,498,221,568,2187,1123,375,536,266
2015-02-27,资产公司,高桥,405,473,484,162,1059,728,203,211,684,250
2015-02-27,资产公司,广州,711,289,226,104,472,2398,414,281,18,133
2015-02-28,股份公司,江汉,1356,1071,33,922,227,2451,411,463,550,142
2015-02-28,股份公司,金陵,369,1020,520,403,1103,691,1117,375,293,236
2015-02-28,股份公司,茂名,1305,254,126,326,92,698,135,291,905,44
2015-02-28,股份公司,齐鲁,111,1434,850,572,58,1485,996,264,295,235
2015-02-28,资产公司,上海,1368,726,1906,493,951,2106,1245,55,468,188
2015-02-28,资产公司,石家庄,233,445,197,818,1187,1420,540,281,936,453
2015-02-28,资产公司,扬子,449,1318,848,597,1103,936,771,85,911,204
2015-02-28,资产公司,仪征,1444,180,586,539,1145,2436,759,215,840,171
2015-03-01,股份公司,镇海,1422,998,640,955,1099,1334,808,105,760,294
2015-03-01,股份公司,中原,779,1275,1117,115,1134,10,18,97,448,441
2015-03-01,股份公司,湖北化肥,1356,130,1063,888,974,2452,802,320,277,35
2015-03-01,股份公司,安庆,1327,1237,1411,858,1095,1348,507,-177,722,15
2015-03-01,资产公司,海南,1221,1080,1035,33,633,1957,682,-240,766,411
2015-03-01,资产公司,洛阳,815,1188,402,631,791,2063,864,-359,556,182
2015-03-01,资产公司,武汉乙烯,1171,348,1327,793,1151,1326,1278,-102,720,251
2015-03-01,资产公司,南化,166,940,631,909,80,593,573,-277,788,280
2015-03-02,股份公司,燕山,1286,458,1016,593,730,267,1123,-182,742,304
2015-03-02,股份公司,天津,1292,1063,1959,605,115,601,960,-100,340,43
2015-03-02,股份公司,高桥,1149,659,431,859,967,2427,25,-346,925,411
2015-03-02,股份公司,广州,748,1330,1430,506,318,2155,85,-261,802,149
2015-03-02,资产公司,江汉,487,98,795,786,194,1374,839,-100,571,404
2015-03-02,资产公司,金陵,412,564,117,469,556,1428,398,-448,177,114
2015-03-02,资产公司,茂名,250,682,1189,77,33,1886,309,-74,974,127
2015-03-02,资产公司,齐鲁,197,1416,657,110,1130,605,369,-142,823,253
2015-03-03,股份公司,上海,320,354,732,221,14,1198,172,-450,383,282
2015-03-03,股份公司,石家庄,249,562,1443,557,693,1102,284,-302,846,262
2015-03-03,股份公司,扬子,321,1205,102,380,613,561,724,-253,40,337
2015-03-03,股份公司,仪征,399,1361,1346,28,38,1056,610,-397,484,87
2015-03-03,资产公司,镇海,1086,1351,446,436,48,1842,655,-374,784,248
2015-03-03,资产公司,中原,1146,443,154,430,180,2068,386,-454,556,105
2015-03-03,资产公司,湖北化肥,1071,1381,1089,750,359,1043,427,-186,551,0
2015-03-03,资产公司,安庆,329,1309,765,31,177,1818,149,-144,537,70
2015-03-04,股份公司,海南,1083,414,648,528,685,2177,1192,-356,556,441
2015-03-04,股份公司,洛阳,716,681,1786,78,789,395,997,-422,821,342
2015-03-04,股份公司,武汉乙烯,1073,193,767,289,410,129,639,-365,314,354
2015-03-04,股份公司,南化,668,361,157,373,1028,967,324,-288,67,157
2015-03-04,资产公司,燕山,367,872,108,661,218,2135,1428,-88,21,312
2015-03-04,资产公司,天津,1058,543,1448,328,701,2180,76,-83,420,190
2015-03-04,资产公司,高桥,880,870,774,839,344,689,1345,-86,775,239
2015-03-04,资产公司,广州,508,502,806,565,76,809,846,-322,144,148
2015-03-05,股份公司,江汉,257,747,78,946,142,1170,409,-360,718,79
2015-03-05,股份公司,金陵,852,747,617,235,514,1289,1097,-146,583,433
2015-03-05,股份公司,茂名,790,181,1029,820,29,527,961,-377,421,95
2015-03-05,股份公司,齐鲁,1194,785,754,425,1183,1911,1235,-54,547,308
2015-03-05,资产公司,上海,1445,505,951,30,98,140,304,-3,52,195
2015-03-05,资产公司,石家庄,824,863,1944,236,69,601,338,-30,503,150
2015-03-05,资产公司,扬子,847,722,1223,443,1121,2020,311,-172,568,221
2015-03-05,资产公司,仪征,1475,598,1625,538,808,2176,1087,-300,350,290
2015-03-06,股份公司,镇海,999,1233,1816,538,59,137,626,-27,886,319
2015-03-06,股份公司,中原,1179,405,1696,948,739,91,356,-462,29,54
2015-03-06,股份公司,湖北化肥,314,1206,121,161,117,635,1145,-188,785,56
2015-03-06,股份公司,安庆,1420,706,705,224,222,264,416,-95,532,127
2015-03-06,资产公司,海南,218,28,1441,647,791,1445,306,-106,586,243
2015-03-06,资产公司,洛阳,363,860,866,454,807,1846,785,-255,781,10
2015-03-06,资产公司,武汉乙烯,640,1043,524,312,1070,1909,982,-436,505,366
2015-03-06,资产公司,南化,559,387,1338,955,469,2100,1030,-88,76,481
2015-03-07,股份公司,燕山,1414,541,933,340,276,315,1360,-52,858,137
2015-03-07,股份公司,天津,151,783,174,343,510,266,456,-153,242,484
2015-03-07,股份公司,高桥,1017,59,1443,73,1041,966,1381,-46,895,318
2015-03-07,股份公司,广州,903,449,1735,16,1045,1304,210,-206,762,299
2015-03-07,资产公司,江汉,775,287,575,894,1096,1501,163,-409,712,131
2015-03-07,资产公司,金陵,514,695,764,921,450,783,509,-430,49,225
2015-03-07,资产公司,茂名,137,1318,426,740,1137,1243,1432,-322,325,156
2015-03-07,资产公司,齐鲁,1229,843,923,67,817,2339,525,-64,524,247
2015-03-08,股份公司,上海,164,1057,1589,194,53,1800,1288,-260,865,367
2015-03-08,股份公司,石家庄,481,1420,1869,673,264,2218,332,-328,100,393
2015-03-08,股份公司,扬子,876,1452,264,652,35,570,754,-225,425,396
2015-03-08,股份公司,仪征,1360,614,1402,725,599,1087,625,-339,91,84
2015-03-08,资产公司,镇海,243,1419,170,615,571,333,477,-242,187,419
2015-03-08,资产公司,中原,302,434,1510,894,532,1575,1241,-195,533,469
2015-03-08,资产公司,湖北化肥,438,975,1944,243,1082,113,1325,-140,194,461
2015-03-08,资产公司,安庆,955,53,1314,14,229,1307,1114,-65,586,20
2015-03-09,股份公司,海南,286,403,1028,84,890,133,658,-429,636,78
2015-03-09,股份公司,洛阳,556,723,429,474,371,387,1447,-336,499,458
2015-03-09,股份公司,武汉乙烯,428,840,1800,348,1078,583,1388,-421,317,156
2015-03-09,股份公司,南化,176,749,178,569,1035,1201,561,-35,751,331
2015-03-09,资产公司,燕山,732,915,1823,489,1058,1126,667,-222,815,167
2015-03-09,资产公司,天津,268,83,924,786,923,463,1165,-303,714,141
2015-03-09,资产公司,高桥,1161,192,1086,17,1012,2439,310,-396,441,371
2015-03-09,资产公司,广州,910,1170,680,488,693,334,182,-134,900,379
2015-03-10,股份公司,江汉,553,1098,1318,792,1122,922,1393,-42,884,451
2015-03-10,股份公司,金陵,61,133,395,736,587,1238,1271,-219,947,377
2015-03-10,股份公司,茂名,22,502,1041,735,111,867,166,-461,665,428
2015-03-10,股份公司,齐鲁,1389,489,1328,519,759,1503,1100,-68,129,192
2015-03-10,资产公司,上海,1237,1118,1666,852,260,2341,342,-210,103,178
2015-03-10,资产公司,石家庄,1030,942,1037,304,1027,1247,747,-219,153,329
2015-03-10,资产公司,扬子,1321,597,724,377,321,627,971,-324,602,266
2015-03-10,资产公司,仪征,463,1368,93,791,526,1811,513,-44,272,174
2015-03-11,股份公司,镇海,1458,1372,975,28,535,2061,654,-170,176,272
2015-03-11,股份公司,中原,48,95,322,951,747,391,259,-378,345,475
2015-03-11,股份公司,湖北化肥,922,473,1258,10,925,755,35,-146,439,158
2015-03-11,股份公司,安庆,1208,649,1000,196,836,1621,781,-191,713,283
2015-03-11,资产公司,海南,607,392,335,943,575,540,854,-147,142,58
2015-03-11,资产公司,洛阳,1371,548,1679,90,1021,1238,1268,-166,892,57
2015-03-11,资产公司,武汉乙烯,556,1341,1223,222,609,2160,930,-218,847,318
2015-03-11,资产公司,南化,394,813,1932,550,352,2136,1298,-247,551,173
2015-03-12,股份公司,燕山,32,1104,1677,466,21,2387,797,-131,876,203
2015-03-12,股份公司,天津,657,1226,1689,455,894,2251,1107,-33,625,420
2015-03-12,股份公司,高桥,1036,241,348,709,807,1662,1291,-75,683,136
2015-03-12,股份公司,广州,363,777,715,879,292,1471,368,-351,292,373
2015-03-12,资产公司,江汉,162,1302,336,637,135,1277,637,-95,610,99
2015-03-12,资产公司,金陵,1049,1017,1433,40,1139,991,311,-132,36,423
2015-03-12,资产公司,茂名,984,420,1321,636,462,1079,1369,-196,151,454
2015-03-12,资产公司,齐鲁,420,162,1528,983,194,57,992,-19,595,26
2015-03-13,股份公司,上海,125,59,1341,60,899,559,722,-67,585,328
2015-03-13,股份公司,石家庄,1223,416,134,341,590,1321,250,-293,42,319
2015-03-13,股份公司,扬子,1353,1228,1669,816,511,2199,1402,-14,604,383
2015-03-13,股份公司,仪征,294,691,1162,578,222,510,923,-216,847,245
2015-03-13,资产公司,镇海,1349,348,867,799,1157,815,665,-471,936,477
2015-03-13,资产公司,中原,93,738,1880,873,952,715,167,-58,204,163
2015-03-13,资产公司,湖北化肥,637,1001,1757,420,1124,683,506,-179,920,403
2015-03-13,资产公司,安庆,371,1366,546,788,391,385,1137,-1,69,475
2015-03-14,股份公司,海南,817,1279,1223,950,270,290,872,-50,695,22
2015-03-14,股份公司,洛阳,303,118,1799,464,353,256,326,-89,39,31
2015-03-14,股份公司,武汉乙烯,187,923,1601,392,929,1855,1083,-53,540,204
2015-03-14,股份公司,南化,481,182,559,796,1145,506,1454,-64,299,236
2015-03-14,资产公司,燕山,744,1170,214,98,2,2252,1250,-163,468,461
2015-03-14,资产公司,天津,921,1236,568,481,898,1022,569,-377,570,424
2015-03-14,资产公司,高桥,330,547,527,16,1136,151,58,-103,74,176
2015-03-14,资产公司,广州,26,289,1251,395,601,1476,502,-51,405,295
2015-03-15,股份公司,江汉,979,917,1102,772,1069,296,657,-309,12,20
2015-03-15,股份公司,金陵,577,916,1807,788,911,2417,215,-479,516,474
2015-03-15,股份公司,茂名,749,1368,1397,319,1051,1055,649,-9,224,287
2015-03-15,股份公司,齐鲁,1264,1004,1426,933,932,1658,97,-95,447,49
2015-03-15,资产公司,上海,970,742,1611,906,112,1983,1075,-403,577,345
2015-03-15,资产公司,石家庄,105,571,487,231,30,830,1178,-235,953,56
2015-03-15,资产公司,扬子,1234,1316,920,656,364,552,1347,-294,85,74
2015-03-15,资产公司,仪征,184,88,545,31,260,288,627,-363,204,154
2015-03-16,股份公司,镇海,795,1070,786,347,34,1426,882,-297,598,206
2015-03-16,股份公司,中原,961,696,222,514,850,2050,1029,-302,36,217
2015-03-16,股份公司,湖北化肥,1183,1289,45,754,54,359,1164,-307,81,62
2015-03-16,股份公司,安庆,844,510,800,396,184,2127,942,-313,957,358
2015-03-16,资产公司,海南,359,605,1655,284,728,874,841,-318,84,470
2015-03-16,资产公司,洛阳,1023,120,1791,263,327,2038,273,-323,798,19
2015-03-16,资产公司,武汉乙烯,433,244,1930,908,689,195,1068,-328,528,233
2015-03-16,资产公司,燕山,350,852,1361,419,758,2316,1432,-333,243,20
2015-03-17,股份公司,天津,969,472,493,82,841,1014,1351,-339,565,401
2015-03-17,股份公司,高桥,265,661,398,653,381,992,1462,-344,4,281
2015-03-17,股份公司,广州,544,1041,1425,308,318,2171,67,-349,780,334
2015-03-17,股份公司,江汉,1101,1299,1959,518,620,984,182,-354,136,223
2015-03-17,资产公司,金陵,884,1374,65,915,842,788,760,-360,697,49
2015-03-17,资产公司,茂名,288,1263,926,22,438,319,150,-365,76,176
2015-03-17,资产公司,齐鲁,612,422,103,298,1036,1001,884,-370,886,365
2015-03-17,资产公司,上海,1243,862,757,733,914,516,939,-375,580,345
2015-03-18,股份公司,石家庄,549,329,510,721,90,2321,1079,-381,971,172
2015-03-18,股份公司,扬子,645,1189,1099,592,880,603,388,-386,959,405
2015-03-18,股份公司,仪征,38,1200,696,657,330,1698,1335,-391,768,236
2015-03-18,股份公司,镇海,1106,478,1628,178,192,843,905,-396,275,269
2015-03-18,资产公司,中原,587,1391,352,571,946,1756,184,-401,533,306
2015-03-18,资产公司,湖北化肥,230,185,1354,755,221,249,1017,-407,919,204
2015-03-18,资产公司,安庆,838,895,1389,449,153,2003,417,-412,903,242
2015-03-18,资产公司,海南,623,1001,1800,629,654,2354,778,-417,605,378
2015-03-19,股份公司,洛阳,120,95,237,883,1095,438,689,-422,263,67
2015-03-19,股份公司,武汉乙烯,1343,661,115,777,1012,2268,516,-428,340,147
2015-03-19,股份公司,燕山,1481,971,1726,40,619,1650,579,-433,882,333
2015-03-19,股份公司,天津,1009,1208,217,288,599,2142,1065,-438,560,296
2015-03-19,资产公司,高桥,587,33,582,201,472,239,1464,-443,348,36
2015-03-19,资产公司,广州,282,987,1089,951,12,800,309,-448,231,248
2015-03-19,资产公司,江汉,400,1139,1781,383,637,1104,472,-454,629,289
2015-03-19,资产公司,金陵,1298,763,581,332,345,735,257,-459,276,344
2015-03-20,股份公司,茂名,590,144,1084,101,622,1502,705,-464,703,81
2015-03-20,股份公司,齐鲁,395,1311,1043,84,383,2106,1160,-469,388,205
2015-03-20,股份公司,上海,834,683,1050,498,1031,979,1402,-475,686,69
2015-03-20,股份公司,石家庄,1238,446,1648,40,457,1632,27,-480,628,179
2015-03-20,资产公司,扬子,1251,116,742,472,440,1289,1338,-485,884,421
2015-03-20,资产公司,仪征,520,515,578,286,522,1844,133,-490,780,53
2015-03-20,资产公司,镇海,1464,409,5,196,639,1714,499,-495,699,395
2015-03-20,资产公司,中原,1222,37,1658,315,781,2033,503,-501,607,239
2015-03-21,股份公司,湖北化肥,121,196,1380,578,884,33,738,-506,226,295
2015-03-21,股份公司,安庆,751,138,1325,656,71,1254,149,-511,391,54
2015-03-21,股份公司,海南,1206,1404,474,761,438,2280,461,-516,177,381
2015-03-21,股份公司,洛阳,475,815,1571,310,589,2473,1222,-522,912,331
2015-03-21,资产公司,武汉乙烯,1314,618,362,761,1164,1359,258,-527,942,140
2015-03-21,资产公司,燕山,1314,311,1779,675,593,376,1240,-532,36,187
2015-03-21,资产公司,天津,921,1441,685,635,1177,183,384,-537,954,153
2015-03-21,资产公司,高桥,621,1429,1763,713,459,2048,1024,-543,178,114
2015-03-22,股份公司,广州,839,1381,941,684,1034,2478,487,-548,591,149
2015-03-22,股份公司,江汉,575,2,991,660,1006,1709,1286,-553,928,154
2015-03-22,股份公司,金陵,1396,1023,775,78,705,1675,963,-558,323,245
2015-03-22,股份公司,茂名,1033,1053,558,196,661,2171,157,-563,305,89
2015-03-22,资产公司,齐鲁,746,46,1230,817,177,1399,962,-569,971,33
2015-03-22,资产公司,上海,461,732,713,73,1129,1601,598,-574,401,253
2015-03-22,资产公司,石家庄,50,858,1628,946,554,111,1361,-579,796,2
2015-03-22,资产公司,扬子,429,765,473,118,235,365,282,-584,928,461
2015-03-23,股份公司,仪征,416,1357,1224,819,295,314,439,-590,636,466
2015-03-23,股份公司,镇海,904,1027,1151,767,421,1649,1244,-595,799,227
2015-03-23,股份公司,中原,811,197,830,526,34,518,961,-600,431,134
2015-03-23,股份公司,湖北化肥,1437,186,1219,268,207,438,205,-605,708,150
2015-03-23,资产公司,安庆,549,493,668,643,473,51,1358,-610,43,116
2015-03-23,资产公司,海南,145,997,170,736,634,600,350,-616,527,17
2015-03-23,资产公司,洛阳,1104,1133,179,366,249,164,1163,-621,951,426
2015-03-23,资产公司,武汉乙烯,2,614,1023,382,387,1643,1231,-626,777,295
2015-03-24,股份公司,燕山,316,1321,1324,647,13,1332,1365,-631,926,471
2015-03-24,股份公司,天津,775,1203,1833,608,778,822,995,-637,629,380
2015-03-24,股份公司,高桥,708,1024,1845,195,821,751,1090,-642,94,427
2015-03-24,股份公司,广州,332,322,1876,49,927,2413,1178,-647,609,322
2015-03-24,资产公司,江汉,188,10,459,723,597,2106,1038,-652,44,10
2015-03-24,资产公司,金陵,1092,771,938,468,274,1068,1242,-658,602,25
2015-03-24,资产公司,茂名,1075,847,1175,352,532,1977,380,-663,93,476
2015-03-24,资产公司,齐鲁,1433,663,1154,367,302,1418,352,-668,692,128
2015-03-25,股份公司,上海,1128,624,1511,382,467,787,1281,-673,647,270
2015-03-25,股份公司,石家庄,1197,124,861,692,664,868,1424,-678,589,256
2015-03-25,股份公司,扬子,362,989,1585,277,680,1367,436,-684,37,426
2015-03-25,股份公司,仪征,1263,1047,1289,314,514,285,584,-689,772,463
2015-03-25,资产公司,镇海,810,677,438,26,98,307,610,-694,270,39
2015-03-25,资产公司,中原,370,988,741,116,791,1480,1107,-699,277,356
2015-03-25,资产公司,湖北化肥,804,458,1477,135,71,226,678,-705,133,227
2015-03-25,资产公司,安庆,300,1284,895,684,167,2077,636,-710,891,98
2015-03-26,股份公司,海南,496,1169,754,387,453,1633,1129,-715,329,287
2015-03-26,股份公司,洛阳,798,75,759,887,735,1286,511,-720,237,386
2015-03-26,股份公司,武汉乙烯,729,98,875,739,456,2197,1361,-725,862,286
2015-03-26,股份公司,燕山,117,390,1265,1,58,67,1167,-731,683,440
2015-03-26,资产公司,天津,480,1329,1846,517,199,313,553,-736,690,329
2015-03-26,资产公司,高桥,459,979,1070,796,258,1160,1296,-741,714,90
2015-03-26,资产公司,广州,850,263,1218,926,959,2348,42,-746,875,296
2015-03-26,资产公司,江汉,702,427,14,314,493,1056,118,-752,800,408
2015-03-27,股份公司,金陵,220,395,749,19,802,1483,222,-757,748,107
2015-03-27,股份公司,茂名,385,673,265,837,760,851,192,-762,231,274
2015-03-27,股份公司,齐鲁,1039,247,1028,303,1061,1984,795,-767,148,444
2015-03-27,股份公司,上海,1393,934,1598,205,435,1346,523,-772,707,8
2015-03-27,资产公司,石家庄,232,94,547,165,609,1329,222,-778,439,43
2015-03-27,资产公司,扬子,791,935,772,587,242,2457,607,-783,353,95
2015-03-27,资产公司,仪征,114,1002,1349,662,645,740,1223,-788,663,329
2015-03-27,资产公司,镇海,827,446,700,775,811,1528,34,-793,362,412
2015-03-28,股份公司,中原,1070,622,346,952,827,830,950,-799,632,138
2015-03-28,股份公司,湖北化肥,767,445,1950,515,429,1400,829,-804,786,37
2015-03-28,股份公司,安庆,346,76,333,594,1125,1858,302,-809,704,97
2015-03-28,股份公司,海南,929,1088,639,54,726,2339,908,-814,568,140
2015-03-28,资产公司,洛阳,379,568,1517,364,1123,249,995,-820,580,55
2015-03-28,资产公司,武汉乙烯,354,625,697,627,1101,474,1125,-825,23,299
2015-03-28,资产公司,燕山,206,1086,661,255,808,1683,717,-830,367,20
2015-03-28,资产公司,天津,7,696,247,424,519,891,938,-835,542,48
2015-03-29,股份公司,高桥,898,338,345,666,147,672,1203,-840,641,272
2015-03-29,股份公司,广州,74,838,1604,960,813,856,1342,-846,507,199
2015-03-29,股份公司,江汉,629,923,75,82,348,957,251,-851,54,341
2015-03-29,股份公司,金陵,805,1107,262,247,532,622,433,-856,137,89
2015-03-29,资产公司,茂名,862,870,374,529,65,1335,316,-861,491,158
2015-03-29,资产公司,齐鲁,783,405,408,244,27,1578,31,-867,157,259
2015-03-29,资产公司,上海,1230,108,314,71,83,359,991,-872,144,2
2015-03-29,资产公司,石家庄,569,458,1386,65,171,465,755,-877,349,468
2015-03-30,股份公司,扬子,728,1209,1296,372,958,1887,1080,-882,807,439
2015-03-30,股份公司,仪征,950,905,1663,860,1018,1187,1292,-887,974,484
2015-03-30,股份公司,镇海,209,422,981,803,468,1385,1241,-893,28,28
2015-03-30,股份公司,中原,962,703,937,113,555,304,322,-898,548,284
2015-03-30,资产公司,湖北化肥,944,63,154,857,943,2411,277,-903,320,458
2015-03-30,资产公司,安庆,658,494,1945,349,294,771,1135,-908,500,141
2015-03-30,资产公司,海南,1214,285,1248,280,882,956,1128,-914,154,364
2015-03-30,资产公司,洛阳,227,96,1838,777,868,2378,1427,-919,890,396
2015-03-31,股份公司,武汉乙烯,1027,421,81,437,152,1902,60,-924,653,139
2015-03-31,股份公司,燕山,654,494,315,836,724,1325,338,-929,858,61
2015-03-31,股份公司,天津,613,1230,575,641,1047,97,1111,-934,279,470
2015-03-31,股份公司,高桥,909,1126,215,98,391,593,1381,-940,51,154
2015-03-31,资产公司,广州,228,1293,1334,264,941,1036,628,-945,547,434
2015-03-31,资产公司,江汉,434,804,1740,930,295,827,492,-950,452,93
2015-03-31,资产公司,金陵,1068,1300,1076,579,1136,2419,1183,-955,947,185
2015-03-31,资产公司,燕山,1108,523,1053,467,740,2440,732,-961,621,235