日期,基本有机化工板块,合成树脂板块,合成橡胶板块,合纤原料板块,精细化工板块,主要产品产量,现金流,边际效益,x,y
2015-01-01,353,594,1501,831,333,349 ,189 ,74 ,67 ,450 
2015-01-01,809,357,1268,428,582,13 ,17 ,36 ,31 ,268 
2015-01-01,39,984,1422,816,464,166 ,11 ,37 ,78 ,449 
2015-01-01,173,1006,1712,583,199,231 ,173 ,56 ,16 ,457 
2015-01-01,1475,40,934,557,687,100 ,139 ,75 ,49 ,484 
2015-01-01,1164,787,1824,275,283,148 ,25 ,38 ,19 ,247 
2015-01-01,487,1070,1506,655,314,194 ,68 ,13 ,65 ,126 
2015-01-01,415,1325,961,667,783,230 ,164 ,28 ,2 ,262 
2015-01-02,1066,862,1351,157,462,253 ,89 ,10 ,14 ,134 
2015-01-02,22,260,270,909,207,163 ,181 ,60 ,53 ,377 
2015-01-02,297,98,1106,817,263,309 ,39 ,62 ,33 ,306 
2015-01-02,601,601,1743,231,796,277 ,50 ,75 ,93 ,99 
2015-01-02,285,506,117,548,345,288 ,83 ,31 ,91 ,493 
2015-01-02,279,771,1648,190,619,305 ,34 ,61 ,47 ,186 
2015-01-02,325,33,1137,431,833,321 ,49 ,6 ,83 ,19 
2015-01-02,1123,114,530,508,889,106 ,79 ,12 ,37 ,132 
2015-01-03,1261,565,1030,423,398,132 ,105 ,4 ,11 ,194 
2015-01-03,1221,46,389,259,906,307 ,108 ,18 ,41 ,177 
2015-01-03,1333,198,1184,955,315,297 ,28 ,71 ,78 ,370 
2015-01-03,129,601,1759,28,1037,21 ,186 ,58 ,50 ,175 
2015-01-03,1041,549,1691,376,851,252 ,30 ,9 ,65 ,262 
2015-01-03,157,506,728,427,993,322 ,166 ,17 ,27 ,277 
2015-01-03,936,1291,1621,534,462,245 ,136 ,1 ,27 ,456 
2015-01-03,323,132,1775,102,64,330 ,82 ,26 ,63 ,9 
2015-01-04,34,402,1345,626,521,213 ,5 ,28 ,52 ,293 
2015-01-04,1413,1023,231,338,1095,358 ,9 ,48 ,95 ,50 
2015-01-04,444,276,1564,150,475,291 ,142 ,63 ,61 ,418 
2015-01-04,1391,1087,48,54,718,341 ,140 ,19 ,41 ,147 
2015-01-04,276,1119,373,644,527,146 ,167 ,11 ,79 ,183 
2015-01-04,354,1091,1341,269,576,245 ,103 ,6 ,68 ,343 
2015-01-04,1251,1033,1942,976,871,195 ,130 ,26 ,67 ,156 
2015-01-04,34,411,1054,102,1181,239 ,84 ,54 ,57 ,416 
2015-01-05,355,22,1866,760,166,310 ,158 ,52 ,30 ,453 
2015-01-05,1170,1003,692,77,302,155 ,162 ,9 ,35 ,136 
2015-01-05,404,443,1512,527,307,357 ,136 ,80 ,19 ,231 
2015-01-05,643,1312,922,740,401,256 ,53 ,98 ,93 ,19 
2015-01-05,1195,1249,1954,122,1153,343 ,180 ,9 ,78 ,346 
2015-01-05,1173,768,1468,197,525,95 ,121 ,1 ,44 ,112 
2015-01-05,1292,952,911,985,882,166 ,91 ,97 ,58 ,167 
2015-01-05,506,734,135,113,928,74 ,196 ,61 ,30 ,359 
2015-01-06,625,394,1856,831,535,60 ,18 ,29 ,51 ,172 
2015-01-06,1452,1192,250,663,1124,341 ,62 ,70 ,34 ,170 
2015-01-06,516,546,1139,305,217,279 ,105 ,40 ,89 ,377 
2015-01-06,1069,1055,1294,703,835,204 ,198 ,88 ,12 ,488 
2015-01-06,147,1056,1507,137,86,375 ,142 ,21 ,50 ,234 
2015-01-06,975,1341,298,180,106,116 ,54 ,16 ,71 ,281 
2015-01-06,442,306,1784,227,973,307 ,114 ,72 ,18 ,410 
2015-01-06,1010,234,1764,556,1031,319 ,53 ,75 ,26 ,106 
2015-01-07,283,1071,901,50,196,298 ,143 ,95 ,38 ,162 
2015-01-07,323,101,396,828,546,213 ,187 ,97 ,78 ,251 
2015-01-07,1424,99,267,244,210,383 ,175 ,59 ,59 ,433 
2015-01-07,347,1444,1354,941,852,105 ,95 ,95 ,81 ,137 
2015-01-07,9,87,1483,937,466,87 ,79 ,41 ,32 ,213 
2015-01-07,393,513,712,158,64,321 ,96 ,45 ,66 ,387 
2015-01-07,1113,1297,1277,459,199,93 ,113 ,94 ,82 ,86 
2015-01-07,1000,528,582,529,428,143 ,126 ,97 ,19 ,326 
2015-01-08,211,1109,731,917,1010,123 ,114 ,84 ,87 ,147 
2015-01-08,607,905,577,606,641,120 ,73 ,6 ,58 ,479 
2015-01-08,782,986,479,184,408,306 ,127 ,41 ,13 ,361 
2015-01-08,232,450,1674,794,740,368 ,192 ,45 ,4 ,482 
2015-01-08,1277,952,984,554,571,184 ,169 ,80 ,42 ,12 
2015-01-08,693,447,1133,876,479,141 ,186 ,41 ,62 ,60 
2015-01-08,520,1309,877,794,624,45 ,165 ,11 ,15 ,246 
2015-01-08,37,730,1317,27,520,314 ,119 ,63 ,86 ,358 
2015-01-09,576,1147,802,724,574,266 ,167 ,71 ,10 ,209 
2015-01-09,44,1369,1083,247,264,25 ,18 ,73 ,76 ,380 
2015-01-09,122,978,340,828,293,217 ,86 ,39 ,51 ,22 
2015-01-09,778,413,230,144,298,163 ,126 ,77 ,13 ,43 
2015-01-09,494,731,1710,201,463,200 ,198 ,60 ,7 ,152 
2015-01-09,843,821,1145,486,29,75 ,126 ,54 ,96 ,331 
2015-01-09,37,378,423,740,269,261 ,7 ,14 ,92 ,35 
2015-01-09,1386,267,376,717,1134,316 ,50 ,75 ,12 ,136 
2015-01-10,17,1386,1453,672,284,102 ,167 ,33 ,74 ,1 
2015-01-10,762,36,491,100,677,193 ,70 ,54 ,68 ,282 
2015-01-10,1153,681,1405,110,438,40 ,79 ,75 ,4 ,208 
2015-01-10,1319,1219,210,977,755,283 ,199 ,77 ,66 ,434 
2015-01-10,445,1233,1771,427,322,197 ,178 ,20 ,55 ,470 
2015-01-10,884,738,296,165,106,307 ,107 ,79 ,2 ,481 
2015-01-10,1484,1130,794,566,365,121 ,90 ,64 ,38 ,87 
2015-01-10,166,582,1709,629,230,348 ,45 ,95 ,55 ,82 
2015-01-11,717,394,1046,20,631,235 ,11 ,83 ,77 ,423 
2015-01-11,34,1271,1397,518,687,213 ,142 ,14 ,27 ,366 
2015-01-11,26,271,1716,409,926,75 ,42 ,89 ,72 ,80 
2015-01-11,1256,272,248,899,393,228 ,179 ,33 ,56 ,304 
2015-01-11,155,499,941,70,290,246 ,78 ,84 ,64 ,310 
2015-01-11,1357,28,801,798,950,224 ,197 ,19 ,37 ,161 
2015-01-11,797,609,594,964,515,192 ,47 ,95 ,47 ,304 
2015-01-11,1107,744,1268,818,226,347 ,137 ,50 ,70 ,461 
2015-01-12,678,415,177,470,722,71 ,194 ,35 ,47 ,27 
2015-01-12,5,605,791,112,1026,93 ,36 ,85 ,35 ,319 
2015-01-12,1140,319,692,317,719,212 ,97 ,91 ,38 ,145 
2015-01-12,836,782,1573,296,122,319 ,117 ,68 ,73 ,123 
2015-01-12,1020,1330,93,441,984,203 ,126 ,15 ,7 ,235 
2015-01-12,1015,55,1871,68,214,222 ,22 ,98 ,23 ,233 
2015-01-12,78,486,1241,515,8,277 ,118 ,67 ,54 ,234 
2015-01-12,1018,1146,1845,66,1150,69 ,126 ,40 ,58 ,401 
2015-01-13,424,685,1905,408,772,399 ,133 ,62 ,6 ,443 
2015-01-13,732,602,1105,168,840,207 ,136 ,7 ,83 ,93 
2015-01-13,879,409,475,583,63,272 ,174 ,28 ,29 ,132 
2015-01-13,764,311,415,341,67,129 ,116 ,65 ,91 ,217 
2015-01-13,1332,205,10,343,428,309 ,161 ,48 ,87 ,223 
2015-01-13,123,1196,312,311,833,303 ,123 ,35 ,36 ,307 
2015-01-13,1050,191,698,666,233,57 ,117 ,50 ,92 ,419 
2015-01-13,333,879,1189,98,237,269 ,71 ,8 ,90 ,451 
2015-01-14,326,516,322,875,1164,365 ,32 ,7 ,59 ,475 
2015-01-14,257,1234,634,714,975,284 ,50 ,72 ,7 ,271 
2015-01-14,721,1350,1278,48,207,18 ,100 ,83 ,55 ,78 
2015-01-14,559,680,13,942,319,229 ,196 ,44 ,14 ,43 
2015-01-14,776,1227,281,945,951,260 ,59 ,0 ,36 ,219 
2015-01-14,644,1402,836,384,856,100 ,179 ,64 ,61 ,295 
2015-01-14,557,407,1032,962,871,237 ,194 ,70 ,68 ,262 
2015-01-14,134,300,1470,616,367,30 ,102 ,46 ,8 ,90 
2015-01-15,189,144,51,882,135,130 ,50 ,38 ,14 ,306 
2015-01-15,19,332,1614,802,82,248 ,121 ,88 ,4 ,9 
2015-01-15,885,778,1006,24,1138,139 ,25 ,44 ,65 ,244 
2015-01-15,1467,745,1809,523,391,178 ,29 ,32 ,35 ,310 
2015-01-15,1380,190,1496,500,737,259 ,134 ,85 ,65 ,168 
2015-01-15,286,990,829,157,133,374 ,4 ,26 ,86 ,337 
2015-01-15,444,412,1630,855,711,275 ,109 ,19 ,3 ,487 
2015-01-15,248,345,210,31,939,360 ,190 ,31 ,98 ,101 
2015-01-16,1113,12,971,261,1114,272 ,78 ,91 ,93 ,10 
2015-01-16,876,1008,506,173,1054,317 ,32 ,33 ,37 ,90 
2015-01-16,1300,890,1138,50,818,117 ,47 ,98 ,6 ,111 
2015-01-16,939,528,1741,86,819,84 ,176 ,61 ,80 ,66 
2015-01-16,382,1442,1954,847,732,170 ,64 ,97 ,2 ,463 
2015-01-16,917,15,590,327,36,324 ,46 ,15 ,78 ,52 
2015-01-16,832,403,10,608,94,313 ,69 ,23 ,42 ,67 
2015-01-16,1081,1102,256,104,959,67 ,70 ,44 ,15 ,217 
2015-01-17,780,359,1827,241,125,26 ,184 ,1 ,30 ,374 
2015-01-17,851,97,908,895,286,378 ,41 ,6 ,11 ,497 
2015-01-17,315,880,1697,371,359,303 ,85 ,59 ,63 ,305 
2015-01-17,416,817,1293,632,558,279 ,94 ,35 ,71 ,188 
2015-01-17,848,173,384,437,765,183 ,120 ,22 ,50 ,134 
2015-01-17,713,120,1250,566,827,141 ,36 ,14 ,82 ,494 
2015-01-17,1153,1036,1736,936,186,46 ,93 ,61 ,2 ,478 
2015-01-17,1330,1436,452,178,557,399 ,154 ,44 ,57 ,273 
2015-01-18,38,1140,901,67,834,27 ,177 ,3 ,22 ,150 
2015-01-18,753,3,1615,169,948,384 ,182 ,51 ,1 ,35 
2015-01-18,423,1182,1335,636,672,114 ,147 ,32 ,87 ,118 
2015-01-18,21,817,744,900,1032,391 ,85 ,78 ,50 ,116 
2015-01-18,112,153,1055,725,968,232 ,166 ,15 ,69 ,276 
2015-01-18,285,480,1079,797,362,229 ,34 ,35 ,58 ,50 
2015-01-18,695,97,1172,338,1090,183 ,82 ,8 ,33 ,193 
2015-01-18,1050,590,39,233,985,174 ,102 ,97 ,48 ,315 
2015-01-19,244,356,1564,642,1099,308 ,56 ,2 ,47 ,119 
2015-01-19,1484,1369,1519,771,868,362 ,194 ,55 ,40 ,353 
2015-01-19,744,821,343,577,1147,9 ,73 ,39 ,79 ,269 
2015-01-19,49,399,1114,381,175,14 ,76 ,79 ,49 ,191 
2015-01-19,779,854,1265,181,1060,319 ,16 ,54 ,69 ,355 
2015-01-19,865,1318,1025,813,1090,323 ,95 ,28 ,32 ,21 
2015-01-19,1139,249,1893,838,62,13 ,94 ,32 ,77 ,75 
2015-01-19,1412,102,970,366,896,368 ,72 ,64 ,91 ,305 
2015-01-20,842,1029,1185,302,667,249 ,28 ,24 ,93 ,246 
2015-01-20,988,841,1892,867,742,217 ,85 ,67 ,99 ,215 
2015-01-20,1408,853,1289,59,301,271 ,74 ,41 ,78 ,477 
2015-01-20,258,120,362,356,727,312 ,0 ,50 ,53 ,149 
2015-01-20,1248,676,173,209,954,129 ,173 ,93 ,58 ,201 
2015-01-20,950,1188,745,101,65,148 ,98 ,40 ,47 ,338 
2015-01-20,672,406,144,750,523,176 ,93 ,7 ,97 ,450 
2015-01-20,402,319,1919,288,413,262 ,106 ,52 ,1 ,452 
2015-01-21,1211,1186,483,890,679,49 ,140 ,25 ,23 ,166 
2015-01-21,1456,1033,1843,147,814,391 ,179 ,71 ,61 ,198 
2015-01-21,1364,371,1010,905,409,199 ,37 ,20 ,70 ,300 
2015-01-21,1479,1039,1589,143,469,74 ,32 ,33 ,23 ,97 
2015-01-21,34,569,9,145,936,196 ,12 ,24 ,24 ,117 
2015-01-21,1451,1443,1733,155,472,69 ,129 ,26 ,10 ,439 
2015-01-21,1111,714,867,93,1178,339 ,55 ,39 ,76 ,104 
2015-01-21,694,1372,89,893,892,75 ,2 ,48 ,90 ,245 
2015-01-22,1468,502,773,510,1034,30 ,137 ,51 ,66 ,36 
2015-01-22,431,1115,962,901,253,35 ,110 ,63 ,17 ,402 
2015-01-22,514,1231,1922,798,1177,292 ,116 ,57 ,5 ,439 
2015-01-22,452,475,84,432,295,31 ,156 ,86 ,46 ,66 
2015-01-22,1145,622,17,678,197,139 ,57 ,86 ,35 ,273 
2015-01-22,572,1161,345,271,377,219 ,188 ,33 ,61 ,1 
2015-01-22,863,1181,1854,880,930,129 ,189 ,83 ,98 ,131 
2015-01-22,1474,370,1727,261,189,241 ,62 ,80 ,89 ,174 
2015-01-23,340,79,203,471,861,365 ,13 ,14 ,67 ,265 
2015-01-23,556,454,157,605,1175,56 ,96 ,45 ,61 ,69 
2015-01-23,702,1195,126,342,417,125 ,139 ,73 ,83 ,397 
2015-01-23,1037,633,1252,605,1068,330 ,49 ,18 ,76 ,248 
2015-01-23,687,53,230,860,573,290 ,58 ,78 ,48 ,482 
2015-01-23,146,1165,756,234,773,96 ,96 ,59 ,55 ,177 
2015-01-23,723,224,1148,68,599,394 ,148 ,99 ,98 ,420 
2015-01-23,159,1209,447,580,1098,366 ,105 ,79 ,63 ,474 
2015-01-24,172,542,170,859,847,291 ,126 ,32 ,68 ,114 
2015-01-24,524,1153,1198,450,1058,274 ,188 ,10 ,56 ,43 
2015-01-24,100,405,385,181,913,160 ,28 ,18 ,20 ,79 
2015-01-24,14,1402,258,747,401,278 ,12 ,52 ,6 ,103 
2015-01-24,1057,1452,1639,395,1161,375 ,18 ,56 ,83 ,418 
2015-01-24,266,1442,215,488,483,16 ,100 ,84 ,88 ,213 
2015-01-24,294,73,402,780,827,80 ,124 ,29 ,39 ,157 
2015-01-24,293,1052,1789,862,636,274 ,130 ,5 ,79 ,280 
2015-01-25,1437,810,1351,202,377,15 ,124 ,89 ,45 ,384 
2015-01-25,180,1225,814,301,921,271 ,157 ,16 ,81 ,209 
2015-01-25,879,1417,218,517,1127,7 ,10 ,84 ,41 ,334 
2015-01-25,80,1431,1085,770,993,89 ,31 ,8 ,13 ,193 
2015-01-25,1372,953,892,912,958,108 ,147 ,88 ,36 ,254 
2015-01-25,807,672,1519,773,640,275 ,40 ,53 ,10 ,183 
2015-01-25,1145,204,1454,7,856,330 ,103 ,82 ,5 ,83 
2015-01-25,265,266,1861,780,175,2 ,80 ,79 ,88 ,256 
2015-01-26,1051,96,261,382,879,204 ,63 ,19 ,14 ,391 
2015-01-26,1151,666,1911,742,678,396 ,21 ,11 ,71 ,106 
2015-01-26,135,1451,1053,520,550,267 ,94 ,72 ,21 ,173 
2015-01-26,97,126,564,106,919,59 ,172 ,83 ,80 ,297 
2015-01-26,269,265,1683,719,936,164 ,186 ,63 ,10 ,36 
2015-01-26,1436,702,1624,984,995,196 ,138 ,73 ,64 ,319 
2015-01-26,299,285,461,698,184,123 ,26 ,91 ,27 ,467 
2015-01-26,292,886,1427,819,473,59 ,18 ,8 ,57 ,138 
2015-01-27,983,1416,1277,894,532,308 ,43 ,92 ,66 ,122 
2015-01-27,491,188,354,948,1127,385 ,18 ,54 ,58 ,458 
2015-01-27,425,745,1124,433,236,156 ,92 ,14 ,7 ,438 
2015-01-27,126,1014,799,601,801,86 ,192 ,98 ,40 ,362 
2015-01-27,975,514,119,417,805,232 ,34 ,95 ,43 ,172 
2015-01-27,981,483,1358,899,250,39 ,162 ,55 ,62 ,342 
2015-01-27,337,458,456,573,2,172 ,191 ,7 ,37 ,497 
2015-01-27,511,779,556,609,843,108 ,152 ,5 ,7 ,243 
2015-01-28,968,1412,480,727,919,250 ,184 ,9 ,20 ,178 
2015-01-28,111,833,637,675,995,258 ,81 ,23 ,71 ,479 
2015-01-28,642,495,329,288,907,320 ,53 ,53 ,94 ,291 
2015-01-28,119,958,1567,159,770,333 ,129 ,78 ,98 ,63 
2015-01-28,529,835,1557,656,1097,375 ,40 ,91 ,58 ,154 
2015-01-28,206,1042,1027,896,255,313 ,174 ,34 ,20 ,290 
2015-01-28,524,917,1663,899,99,265 ,117 ,32 ,60 ,158 
2015-01-28,1013,674,512,271,73,387 ,104 ,72 ,7 ,43 
2015-01-29,274,820,939,439,151,300 ,69 ,11 ,17 ,273 
2015-01-29,155,1405,1762,191,289,8 ,158 ,42 ,56 ,235 
2015-01-29,587,1036,911,15,29,40 ,136 ,52 ,53 ,45 
2015-01-29,946,81,1280,503,376,204 ,29 ,51 ,76 ,32 
2015-01-29,166,1370,530,398,912,101 ,156 ,1 ,39 ,3 
2015-01-29,817,1003,735,296,1072,70 ,197 ,26 ,36 ,143 
2015-01-29,1209,50,146,320,647,388 ,46 ,54 ,45 ,494 
2015-01-29,678,1311,1789,10,74,78 ,147 ,40 ,70 ,3 
2015-01-30,592,1126,1888,639,456,278 ,0 ,35 ,44 ,21 
2015-01-30,367,981,1241,99,760,32 ,16 ,76 ,2 ,146 
2015-01-30,599,1071,1259,53,388,318 ,8 ,77 ,23 ,309 
2015-01-30,541,666,494,441,294,314 ,41 ,19 ,91 ,451 
2015-01-30,376,767,56,933,788,24 ,105 ,72 ,51 ,377 
2015-01-30,598,840,878,457,1151,372 ,154 ,90 ,29 ,313 
2015-01-30,1067,1307,1754,418,683,92 ,62 ,62 ,46 ,260 
2015-01-30,1451,1029,714,717,905,5 ,198 ,96 ,72 ,307 
2015-01-31,49,72,1560,667,627,72 ,77 ,57 ,1 ,477 
2015-01-31,372,950,365,420,733,125 ,149 ,91 ,96 ,88 
2015-01-31,514,592,553,321,28,108 ,39 ,3 ,81 ,418 
2015-01-31,1218,408,601,472,520,178 ,77 ,65 ,98 ,456 
2015-01-31,1181,1168,1080,853,955,243 ,139 ,88 ,97 ,187 
2015-01-31,822,485,238,255,478,28 ,87 ,27 ,97 ,440 
2015-01-31,228,565,614,192,468,78 ,94 ,77 ,1 ,77 
2015-01-31,340,1421,1679,617,484,273 ,182 ,33 ,28 ,224 
2015-02-01,390,486,1225,327,197,331 ,88 ,56 ,56 ,277 
2015-02-01,646,458,1306,103,880,17 ,37 ,24 ,60 ,244 
2015-02-01,1310,219,1426,892,401,20 ,42 ,4 ,98 ,467 
2015-02-01,1414,850,1089,899,952,237 ,83 ,77 ,33 ,52 
2015-02-01,940,336,1141,820,441,146 ,69 ,78 ,92 ,114 
2015-02-01,414,319,1819,318,244,55 ,45 ,28 ,33 ,394 
2015-02-01,907,156,1563,35,956,115 ,17 ,18 ,96 ,270 
2015-02-01,170,112,1367,539,989,110 ,188 ,60 ,61 ,350 
2015-02-02,1135,266,1029,676,132,217 ,7 ,80 ,64 ,5 
2015-02-02,438,130,1708,410,957,357 ,76 ,94 ,52 ,90 
2015-02-02,1178,1100,327,572,306,146 ,140 ,74 ,99 ,11 
2015-02-02,688,431,1100,684,169,178 ,172 ,48 ,6 ,368 
2015-02-02,1040,1225,133,26,138,1 ,167 ,88 ,66 ,329 
2015-02-02,363,551,1651,14,261,153 ,9 ,52 ,26 ,269 
2015-02-02,624,111,1062,553,887,304 ,66 ,49 ,25 ,253 
2015-02-02,349,1282,1461,461,1089,5 ,28 ,45 ,20 ,159 
2015-02-03,149,1172,1607,273,1017,136 ,195 ,62 ,83 ,464 
2015-02-03,334,481,37,935,164,341 ,80 ,85 ,31 ,196 
2015-02-03,7,641,332,981,362,383 ,139 ,8 ,79 ,495 
2015-02-03,1457,1238,471,486,446,212 ,138 ,42 ,79 ,147 
2015-02-03,172,139,1479,829,974,269 ,51 ,61 ,32 ,374 
2015-02-03,1287,1280,1127,980,134,338 ,192 ,27 ,41 ,353 
2015-02-03,1156,1211,866,580,969,117 ,26 ,0 ,2 ,437 
2015-02-03,1360,1239,1627,494,95,34 ,166 ,71 ,56 ,4 
2015-02-04,445,1241,1585,442,885,151 ,144 ,80 ,80 ,238 
2015-02-04,1095,200,1859,117,318,393 ,125 ,37 ,41 ,149 
2015-02-04,663,1058,917,399,1009,109 ,159 ,4 ,69 ,466 
2015-02-04,331,957,1677,338,732,76 ,4 ,46 ,15 ,192 
2015-02-04,1027,601,77,274,569,210 ,112 ,7 ,88 ,105 
2015-02-04,879,1148,720,854,992,212 ,100 ,68 ,14 ,3 
2015-02-04,1070,495,1632,696,1180,27 ,182 ,81 ,1 ,491 
2015-02-04,4,1101,782,545,146,16 ,120 ,60 ,5 ,182 
2015-02-05,385,254,143,9,585,57 ,44 ,80 ,44 ,117 
2015-02-05,1416,154,244,105,615,1 ,42 ,2 ,5 ,3 
2015-02-05,1176,398,748,895,168,78 ,171 ,98 ,68 ,272 
2015-02-05,476,1129,466,643,1108,393 ,62 ,53 ,45 ,311 
2015-02-05,604,720,33,666,670,195 ,166 ,1 ,74 ,472 
2015-02-05,337,1058,1263,111,174,211 ,177 ,7 ,17 ,49 
2015-02-05,1215,84,1822,573,778,39 ,178 ,87 ,99 ,57 
2015-02-05,674,963,763,180,763,62 ,115 ,53 ,61 ,98 
2015-02-06,1086,1368,1667,524,832,8 ,154 ,17 ,45 ,486 
2015-02-06,310,218,535,247,538,147 ,18 ,3 ,96 ,178 
2015-02-06,1439,129,1296,305,122,169 ,100 ,20 ,14 ,38 
2015-02-06,340,807,96,247,7,298 ,51 ,29 ,56 ,450 
2015-02-06,1256,1324,1614,420,1044,229 ,67 ,89 ,62 ,199 
2015-02-06,1301,1374,449,95,1181,35 ,23 ,9 ,14 ,344 
2015-02-06,139,1162,826,633,1109,223 ,168 ,6 ,87 ,42 
2015-02-06,607,477,1888,109,529,199 ,70 ,94 ,65 ,169 
2015-02-07,603,28,1383,136,526,240 ,169 ,87 ,74 ,322 
2015-02-07,1475,935,113,406,20,395 ,45 ,47 ,47 ,179 
2015-02-07,325,252,1585,871,870,86 ,126 ,54 ,14 ,408 
2015-02-07,325,1340,73,136,756,362 ,68 ,91 ,20 ,90 
2015-02-07,275,970,786,390,772,141 ,92 ,36 ,65 ,32 
2015-02-07,347,352,1812,93,4,139 ,148 ,89 ,36 ,38 
2015-02-07,1393,1284,933,840,477,384 ,176 ,87 ,97 ,140 
2015-02-07,502,1350,1505,277,526,157 ,56 ,3 ,76 ,492 
2015-02-08,1031,437,874,646,1188,374 ,178 ,35 ,77 ,432 
2015-02-08,122,926,242,190,602,299 ,32 ,50 ,18 ,7 
2015-02-08,801,1,674,563,168,45 ,67 ,58 ,50 ,456 
2015-02-08,750,257,1152,919,955,222 ,2 ,75 ,57 ,194 
2015-02-08,211,653,1636,558,204,98 ,8 ,51 ,16 ,203 
2015-02-08,172,967,1442,802,1041,256 ,143 ,47 ,71 ,418 
2015-02-08,329,1067,1690,218,317,63 ,199 ,22 ,19 ,201 
2015-02-08,1303,566,1488,860,428,92 ,161 ,41 ,5 ,24 
2015-02-09,40,867,1414,68,940,208 ,21 ,89 ,77 ,187 
2015-02-09,745,176,638,388,755,67 ,10 ,23 ,10 ,61 
2015-02-09,476,503,951,861,746,367 ,82 ,4 ,57 ,377 
2015-02-09,686,1135,502,276,786,327 ,28 ,36 ,77 ,245 
2015-02-09,278,693,313,537,937,117 ,193 ,79 ,1 ,21 
2015-02-09,661,1236,724,502,742,397 ,148 ,37 ,72 ,252 
2015-02-09,187,1133,1255,556,418,398 ,97 ,60 ,30 ,188 
2015-02-09,1003,1267,468,525,629,82 ,108 ,17 ,14 ,473 
2015-02-10,568,779,685,825,1113,367 ,79 ,76 ,81 ,287 
2015-02-10,276,546,550,191,1190,222 ,89 ,43 ,63 ,46 
2015-02-10,628,1290,159,934,285,367 ,121 ,74 ,96 ,147 
2015-02-10,810,1343,220,354,790,255 ,150 ,16 ,64 ,166 
2015-02-10,227,573,1041,477,609,165 ,25 ,10 ,43 ,40 
2015-02-10,938,1321,666,458,302,175 ,80 ,49 ,35 ,203 
2015-02-10,5,296,318,418,239,272 ,72 ,0 ,25 ,165 
2015-02-10,536,566,808,470,1161,392 ,81 ,60 ,4 ,214 
2015-02-11,678,1314,123,269,950,290 ,24 ,97 ,66 ,276 
2015-02-11,22,902,356,481,928,155 ,66 ,65 ,1 ,242 
2015-02-11,747,1062,815,514,580,63 ,180 ,19 ,46 ,362 
2015-02-11,677,223,1267,322,588,45 ,180 ,38 ,61 ,100 
2015-02-11,934,730,1544,143,889,73 ,2 ,54 ,35 ,70 
2015-02-11,1457,532,892,25,433,230 ,21 ,25 ,83 ,354 
2015-02-11,618,1011,348,861,1109,189 ,173 ,23 ,76 ,285 
2015-02-11,1043,1272,337,455,476,276 ,16 ,26 ,32 ,159 
2015-02-12,727,701,542,711,652,371 ,6 ,45 ,77 ,377 
2015-02-12,1399,213,1247,927,48,60 ,64 ,61 ,70 ,185 
2015-02-12,710,1054,1276,21,683,89 ,42 ,59 ,94 ,106 
2015-02-12,115,185,1264,546,853,324 ,116 ,70 ,83 ,211 
2015-02-12,897,952,1341,884,1074,251 ,195 ,50 ,38 ,469 
2015-02-12,455,886,122,818,225,276 ,59 ,53 ,90 ,273 
2015-02-12,963,1265,1689,484,863,304 ,44 ,63 ,51 ,298 
2015-02-12,454,172,111,190,71,14 ,112 ,82 ,60 ,423 
2015-02-13,602,747,633,494,1015,349 ,139 ,53 ,33 ,146 
2015-02-13,605,1367,1776,889,833,113 ,143 ,47 ,49 ,397 
2015-02-13,777,723,533,13,39,295 ,44 ,81 ,67 ,89 
2015-02-13,530,1122,709,357,426,400 ,136 ,61 ,76 ,141 
2015-02-13,1482,1307,1338,232,5,398 ,191 ,71 ,83 ,466 
2015-02-13,497,1457,721,788,266,248 ,101 ,21 ,21 ,341 
2015-02-13,79,187,232,770,644,358 ,5 ,20 ,97 ,119 
2015-02-13,1399,1054,917,572,1147,121 ,122 ,66 ,80 ,134 
2015-02-14,1172,226,1769,459,875,397 ,187 ,1 ,49 ,3 
2015-02-14,350,1095,663,70,61,11 ,6 ,70 ,19 ,227 
2015-02-14,408,327,1519,602,461,310 ,169 ,96 ,33 ,97 
2015-02-14,1146,1454,1761,785,790,254 ,14 ,72 ,95 ,240 
2015-02-14,1438,1042,162,293,1,50 ,168 ,15 ,28 ,22 
2015-02-14,884,1212,1589,166,848,258 ,151 ,56 ,12 ,168 
2015-02-14,811,946,1387,65,79,55 ,151 ,72 ,26 ,272 
2015-02-14,927,491,598,245,588,152 ,34 ,10 ,11 ,431 
2015-02-15,106,886,1316,502,1085,344 ,99 ,10 ,17 ,352 
2015-02-15,118,1425,36,377,1101,324 ,119 ,15 ,61 ,282 
2015-02-15,997,1167,486,190,392,380 ,157 ,45 ,21 ,279 
2015-02-15,939,283,1787,276,968,317 ,193 ,58 ,15 ,425 
2015-02-15,202,1086,816,499,120,135 ,55 ,38 ,4 ,391 
2015-02-15,190,392,1895,473,477,370 ,85 ,51 ,57 ,405 
2015-02-15,1230,587,941,447,994,350 ,26 ,62 ,95 ,17 
2015-02-15,353,1451,894,629,965,111 ,34 ,30 ,42 ,230 
2015-02-16,883,425,1682,429,672,201 ,34 ,17 ,80 ,291 
2015-02-16,197,876,1621,754,509,81 ,156 ,60 ,36 ,243 
2015-02-16,42,1210,1208,800,644,257 ,168 ,96 ,53 ,96 
2015-02-16,68,1271,969,123,793,77 ,148 ,38 ,36 ,185 
2015-02-16,608,1457,213,159,891,28 ,135 ,97 ,87 ,366 
2015-02-16,244,903,1616,802,953,254 ,113 ,13 ,51 ,152 
2015-02-16,682,1275,796,178,609,169 ,144 ,5 ,30 ,49 
2015-02-16,137,1389,561,14,74,249 ,64 ,9 ,87 ,456 
2015-02-17,1176,853,1477,531,26,146 ,1 ,1 ,39 ,112 
2015-02-17,497,187,1053,760,944,123 ,175 ,86 ,76 ,323 
2015-02-17,677,307,793,10,890,136 ,54 ,37 ,25 ,196 
2015-02-17,345,1170,941,376,456,235 ,63 ,89 ,12 ,75 
2015-02-17,349,1334,856,382,228,13 ,102 ,22 ,39 ,110 
2015-02-17,139,722,592,768,480,61 ,12 ,56 ,60 ,271 
2015-02-17,561,40,1576,586,929,153 ,177 ,45 ,87 ,245 
2015-02-17,1398,349,1156,32,8,106 ,184 ,2 ,94 ,100 
2015-02-18,541,786,631,778,1015,156 ,25 ,92 ,14 ,479 
2015-02-18,808,880,1168,198,124,167 ,100 ,49 ,82 ,244 
2015-02-18,403,1383,506,0,1073,81 ,100 ,55 ,59 ,257 
2015-02-18,1443,50,1426,971,215,48 ,95 ,27 ,65 ,144 
2015-02-18,1070,1023,1159,577,845,235 ,79 ,84 ,27 ,376 
2015-02-18,745,45,471,280,248,185 ,24 ,39 ,39 ,231 
2015-02-18,1091,866,960,615,189,69 ,82 ,11 ,60 ,128 
2015-02-18,90,723,1265,119,496,323 ,169 ,30 ,11 ,448 
2015-02-19,471,1196,1731,923,348,161 ,130 ,96 ,24 ,412 
2015-02-19,713,1357,962,651,74,120 ,178 ,15 ,38 ,473 
2015-02-19,1423,1057,938,294,520,213 ,93 ,80 ,98 ,4 
2015-02-19,891,1450,81,910,820,309 ,124 ,65 ,90 ,113 
2015-02-19,887,608,1845,521,389,224 ,30 ,52 ,75 ,451 
2015-02-19,159,59,719,626,1008,229 ,58 ,74 ,38 ,196 
2015-02-19,363,1299,464,454,65,117 ,94 ,35 ,70 ,288 
2015-02-19,956,535,457,163,544,101 ,80 ,74 ,80 ,355 
2015-02-20,860,1102,1534,467,135,394 ,83 ,49 ,56 ,406 
2015-02-20,95,810,1536,724,641,122 ,171 ,64 ,63 ,360 
2015-02-20,88,556,810,864,27,14 ,54 ,94 ,17 ,14 
2015-02-20,1030,290,932,237,249,134 ,63 ,27 ,67 ,112 
2015-02-20,753,835,1711,751,530,5 ,117 ,51 ,56 ,324 
2015-02-20,33,1381,533,27,699,312 ,34 ,85 ,90 ,274 
2015-02-20,925,430,522,254,1073,236 ,4 ,64 ,19 ,119 
2015-02-20,1075,785,332,1,978,312 ,56 ,43 ,60 ,307 
2015-02-21,987,922,1631,232,1188,268 ,152 ,59 ,70 ,320 
2015-02-21,93,872,1856,734,419,246 ,117 ,1 ,70 ,397 
2015-02-21,438,35,1224,114,944,78 ,30 ,94 ,75 ,397 
2015-02-21,1281,41,226,87,213,383 ,106 ,35 ,49 ,389 
2015-02-21,872,71,1436,653,708,214 ,166 ,10 ,4 ,161 
2015-02-21,941,248,1640,613,1185,19 ,104 ,95 ,38 ,6 
2015-02-21,940,156,416,483,309,192 ,118 ,63 ,17 ,340 
2015-02-21,491,947,947,729,399,149 ,5 ,58 ,44 ,241 
2015-02-22,87,528,1743,985,1154,19 ,165 ,66 ,62 ,95 
2015-02-22,559,828,803,532,1101,249 ,137 ,81 ,13 ,258 
2015-02-22,951,149,707,78,293,318 ,125 ,94 ,30 ,330 
2015-02-22,512,894,211,698,234,88 ,23 ,82 ,32 ,142 
2015-02-22,49,1211,1570,786,581,132 ,159 ,3 ,81 ,436 
2015-02-22,449,129,1864,601,1100,285 ,192 ,50 ,44 ,135 
2015-02-22,671,1084,748,208,356,63 ,21 ,81 ,21 ,281 
2015-02-22,1257,1284,1468,588,196,323 ,50 ,29 ,61 ,369 
2015-02-23,1173,1209,1786,140,539,152 ,152 ,32 ,36 ,162 
2015-02-23,80,1221,697,692,609,389 ,80 ,99 ,84 ,478 
2015-02-23,1038,710,1723,257,589,122 ,164 ,67 ,5 ,491 
2015-02-23,913,140,823,244,719,40 ,102 ,63 ,35 ,243 
2015-02-23,803,1234,189,906,61,396 ,173 ,48 ,19 ,51 
2015-02-23,816,549,1435,391,352,86 ,184 ,14 ,57 ,496 
2015-02-23,1062,818,1843,707,991,169 ,144 ,19 ,73 ,471 
2015-02-23,751,87,573,789,1046,298 ,172 ,65 ,97 ,220 
2015-02-24,1389,1371,834,6,726,201 ,125 ,85 ,28 ,306 
2015-02-24,1219,50,814,873,475,50 ,100 ,92 ,39 ,295 
2015-02-24,480,300,157,55,726,217 ,93 ,83 ,83 ,114 
2015-02-24,583,496,1793,552,1190,120 ,133 ,21 ,3 ,394 
2015-02-24,1251,1396,290,723,1095,347 ,170 ,47 ,13 ,163 
2015-02-24,1415,620,1878,768,469,130 ,34 ,74 ,84 ,414 
2015-02-24,1472,885,263,986,1099,260 ,1 ,97 ,51 ,432 
2015-02-24,421,340,1810,640,726,55 ,157 ,32 ,66 ,488 
2015-02-25,1158,253,1676,340,365,212 ,64 ,58 ,79 ,183 
2015-02-25,835,808,248,139,355,24 ,48 ,59 ,41 ,381 
2015-02-25,382,161,1757,762,184,285 ,164 ,26 ,58 ,290 
2015-02-25,1215,393,1227,19,1034,344 ,112 ,31 ,0 ,223 
2015-02-25,1232,266,1656,615,30,172 ,39 ,22 ,91 ,347 
2015-02-25,342,42,1175,444,151,368 ,168 ,18 ,74 ,468 
2015-02-25,981,1243,1949,637,200,307 ,78 ,5 ,10 ,105 
2015-02-25,614,1457,1878,50,89,236 ,142 ,13 ,35 ,336 
2015-02-26,1067,538,1188,94,1104,103 ,97 ,55 ,32 ,286 
2015-02-26,1421,534,1035,12,291,24 ,75 ,98 ,73 ,142 
2015-02-26,105,211,1,712,906,382 ,166 ,27 ,66 ,228 
2015-02-26,1373,1413,1243,275,846,379 ,196 ,59 ,19 ,136 
2015-02-26,1037,1129,1522,509,1113,93 ,78 ,56 ,35 ,112 
2015-02-26,814,1330,75,226,1048,379 ,41 ,22 ,46 ,191 
2015-02-26,685,1328,359,315,256,62 ,125 ,28 ,72 ,4 
2015-02-26,417,1375,1389,604,693,276 ,79 ,51 ,75 ,36 
2015-02-27,936,167,1948,14,1183,218 ,194 ,59 ,43 ,496 
2015-02-27,483,169,1311,743,1067,212 ,190 ,81 ,57 ,414 
2015-02-27,1375,713,836,795,457,300 ,123 ,66 ,34 ,275 
2015-02-27,1333,137,1630,430,768,16 ,50 ,38 ,18 ,242 
2015-02-27,135,165,1745,257,521,370 ,97 ,21 ,78 ,410 
2015-02-27,1441,753,498,221,568,123 ,87 ,28 ,49 ,195 
2015-02-27,405,473,484,162,1059,58 ,124 ,31 ,28 ,318 
2015-02-27,711,289,226,104,472,377 ,108 ,50 ,58 ,148 
2015-02-28,1356,1071,33,922,227,4 ,126 ,65 ,95 ,82 
2015-02-28,369,1020,520,403,1103,208 ,68 ,29 ,85 ,133 
2015-02-28,1305,254,126,326,92,89 ,182 ,73 ,17 ,96 
2015-02-28,111,1434,850,572,58,283 ,126 ,52 ,96 ,138 
2015-02-28,1368,726,1906,493,951,305 ,188 ,42 ,39 ,43 
2015-02-28,233,445,197,818,1187,367 ,95 ,25 ,9 ,186 
2015-02-28,449,1318,848,597,1103,381 ,90 ,85 ,43 ,433 
2015-02-28,1444,180,586,539,1145,129 ,132 ,52 ,61 ,201 
2015-03-01,1422,998,640,955,1099,275 ,139 ,64 ,63 ,447 
2015-03-01,779,1275,1117,115,1134,21 ,126 ,74 ,9 ,449 
2015-03-01,1356,130,1063,888,974,79 ,33 ,67 ,71 ,76 
2015-03-01,1327,1237,1411,858,1095,349 ,118 ,59 ,53 ,40 
2015-03-01,1221,1080,1035,33,633,211 ,110 ,95 ,7 ,334 
2015-03-01,815,1188,402,631,791,39 ,109 ,93 ,64 ,298 
2015-03-01,1171,348,1327,793,1151,338 ,193 ,47 ,26 ,358 
2015-03-01,166,940,631,909,80,355 ,99 ,47 ,83 ,137 
2015-03-02,1286,458,1016,593,730,79 ,140 ,2 ,16 ,44 
2015-03-02,1292,1063,1959,605,115,296 ,128 ,6 ,36 ,53 
2015-03-02,1149,659,431,859,967,248 ,140 ,87 ,82 ,424 
2015-03-02,748,1330,1430,506,318,8 ,5 ,96 ,85 ,483 
2015-03-02,487,98,795,786,194,182 ,168 ,75 ,90 ,70 
2015-03-02,412,564,117,469,556,204 ,199 ,17 ,84 ,251 
2015-03-02,250,682,1189,77,33,371 ,61 ,96 ,17 ,349 
2015-03-02,197,1416,657,110,1130,38 ,64 ,35 ,94 ,313 
2015-03-03,320,354,732,221,14,109 ,153 ,88 ,84 ,190 
2015-03-03,249,562,1443,557,693,123 ,118 ,81 ,27 ,177 
2015-03-03,321,1205,102,380,613,275 ,73 ,54 ,33 ,139 
2015-03-03,399,1361,1346,28,38,253 ,65 ,70 ,10 ,198 
2015-03-03,1086,1351,446,436,48,354 ,130 ,17 ,14 ,108 
2015-03-03,1146,443,154,430,180,298 ,170 ,0 ,31 ,349 
2015-03-03,1071,1381,1089,750,359,340 ,193 ,17 ,36 ,191 
2015-03-03,329,1309,765,31,177,260 ,97 ,7 ,47 ,56 
2015-03-04,1083,414,648,528,685,261 ,86 ,39 ,32 ,147 
2015-03-04,716,681,1786,78,789,19 ,124 ,34 ,92 ,410 
2015-03-04,1073,193,767,289,410,58 ,153 ,78 ,18 ,59 
2015-03-04,668,361,157,373,1028,148 ,14 ,10 ,64 ,120 
2015-03-04,367,872,108,661,218,49 ,150 ,45 ,82 ,189 
2015-03-04,1058,543,1448,328,701,371 ,8 ,61 ,75 ,264 
2015-03-04,880,870,774,839,344,144 ,4 ,52 ,21 ,365 
2015-03-04,508,502,806,565,76,48 ,71 ,17 ,85 ,76 
2015-03-05,257,747,78,946,142,316 ,195 ,16 ,15 ,327 
2015-03-05,852,747,617,235,514,29 ,5 ,27 ,43 ,135 
2015-03-05,790,181,1029,820,29,185 ,91 ,70 ,93 ,214 
2015-03-05,1194,785,754,425,1183,126 ,77 ,73 ,19 ,9 
2015-03-05,1445,505,951,30,98,382 ,77 ,50 ,38 ,123 
2015-03-05,824,863,1944,236,69,249 ,153 ,19 ,60 ,71 
2015-03-05,847,722,1223,443,1121,250 ,49 ,53 ,58 ,259 
2015-03-05,1475,598,1625,538,808,353 ,109 ,43 ,65 ,139 
2015-03-06,999,1233,1816,538,59,134 ,145 ,3 ,82 ,24 
2015-03-06,1179,405,1696,948,739,37 ,194 ,4 ,85 ,385 
2015-03-06,314,1206,121,161,117,298 ,157 ,66 ,35 ,261 
2015-03-06,1420,706,705,224,222,15 ,36 ,76 ,55 ,63 
2015-03-06,218,28,1441,647,791,364 ,169 ,58 ,87 ,352 
2015-03-06,363,860,866,454,807,339 ,148 ,5 ,11 ,120 
2015-03-06,640,1043,524,312,1070,313 ,199 ,78 ,25 ,27 
2015-03-06,559,387,1338,955,469,215 ,70 ,90 ,53 ,175 
2015-03-07,1414,541,933,340,276,129 ,147 ,49 ,56 ,26 
2015-03-07,151,783,174,343,510,251 ,195 ,93 ,50 ,88 
2015-03-07,1017,59,1443,73,1041,103 ,187 ,60 ,79 ,339 
2015-03-07,903,449,1735,16,1045,393 ,72 ,86 ,18 ,459 
2015-03-07,775,287,575,894,1096,52 ,62 ,33 ,1 ,374 
2015-03-07,514,695,764,921,450,236 ,21 ,9 ,8 ,58 
2015-03-07,137,1318,426,740,1137,101 ,110 ,23 ,45 ,85 
2015-03-07,1229,843,923,67,817,150 ,157 ,17 ,14 ,50 
2015-03-08,164,1057,1589,194,53,290 ,125 ,13 ,69 ,483 
2015-03-08,481,1420,1869,673,264,92 ,45 ,17 ,11 ,52 
2015-03-08,876,1452,264,652,35,330 ,51 ,30 ,53 ,382 
2015-03-08,1360,614,1402,725,599,67 ,3 ,18 ,88 ,37 
2015-03-08,243,1419,170,615,571,73 ,42 ,16 ,48 ,177 
2015-03-08,302,434,1510,894,532,96 ,47 ,74 ,48 ,251 
2015-03-08,438,975,1944,243,1082,114 ,131 ,10 ,87 ,302 
2015-03-08,955,53,1314,14,229,238 ,90 ,63 ,97 ,226 
2015-03-09,286,403,1028,84,890,194 ,10 ,71 ,58 ,254 
2015-03-09,556,723,429,474,371,192 ,5 ,1 ,13 ,100 
2015-03-09,428,840,1800,348,1078,108 ,115 ,79 ,67 ,306 
2015-03-09,176,749,178,569,1035,273 ,109 ,53 ,34 ,110 
2015-03-09,732,915,1823,489,1058,74 ,31 ,9 ,34 ,85 
2015-03-09,268,83,924,786,923,253 ,135 ,54 ,86 ,292 
2015-03-09,1161,192,1086,17,1012,36 ,83 ,77 ,85 ,21 
2015-03-09,910,1170,680,488,693,311 ,178 ,13 ,76 ,378 
2015-03-10,553,1098,1318,792,1122,146 ,162 ,2 ,50 ,431 
2015-03-10,61,133,395,736,587,223 ,114 ,43 ,75 ,250 
2015-03-10,22,502,1041,735,111,57 ,45 ,15 ,97 ,209 
2015-03-10,1389,489,1328,519,759,309 ,146 ,73 ,69 ,410 
2015-03-10,1237,1118,1666,852,260,66 ,79 ,43 ,55 ,237 
2015-03-10,1030,942,1037,304,1027,188 ,12 ,20 ,25 ,498 
2015-03-10,1321,597,724,377,321,251 ,29 ,19 ,4 ,397 
2015-03-10,463,1368,93,791,526,319 ,70 ,7 ,53 ,126 
2015-03-11,1458,1372,975,28,535,118 ,174 ,88 ,23 ,228 
2015-03-11,48,95,322,951,747,55 ,106 ,12 ,32 ,207 
2015-03-11,922,473,1258,10,925,247 ,131 ,98 ,25 ,159 
2015-03-11,1208,649,1000,196,836,389 ,62 ,35 ,90 ,264 
2015-03-11,607,392,335,943,575,194 ,114 ,76 ,11 ,118 
2015-03-11,1371,548,1679,90,1021,340 ,190 ,73 ,54 ,481 
2015-03-11,556,1341,1223,222,609,103 ,47 ,24 ,89 ,295 
2015-03-11,394,813,1932,550,352,343 ,12 ,15 ,92 ,194 
2015-03-12,32,1104,1677,466,21,221 ,87 ,59 ,84 ,159 
2015-03-12,657,1226,1689,455,894,336 ,125 ,77 ,59 ,349 
2015-03-12,1036,241,348,709,807,212 ,140 ,3 ,9 ,222 
2015-03-12,363,777,715,879,292,269 ,187 ,83 ,52 ,109 
2015-03-12,162,1302,336,637,135,56 ,54 ,72 ,74 ,327 
2015-03-12,1049,1017,1433,40,1139,15 ,6 ,71 ,29 ,103 
2015-03-12,984,420,1321,636,462,46 ,25 ,70 ,63 ,100 
2015-03-12,420,162,1528,983,194,213 ,68 ,7 ,21 ,427 
2015-03-13,125,59,1341,60,899,307 ,152 ,18 ,43 ,83 
2015-03-13,1223,416,134,341,590,167 ,28 ,11 ,39 ,475 
2015-03-13,1353,1228,1669,816,511,199 ,165 ,22 ,8 ,462 
2015-03-13,294,691,1162,578,222,313 ,196 ,74 ,1 ,199 
2015-03-13,1349,348,867,799,1157,198 ,3 ,43 ,70 ,36 
2015-03-13,93,738,1880,873,952,78 ,45 ,49 ,60 ,225 
2015-03-13,637,1001,1757,420,1124,228 ,84 ,34 ,29 ,316 
2015-03-13,371,1366,546,788,391,101 ,32 ,41 ,58 ,476 
2015-03-14,817,1279,1223,950,270,123 ,74 ,95 ,85 ,51 
2015-03-14,303,118,1799,464,353,265 ,6 ,46 ,48 ,392 
2015-03-14,187,923,1601,392,929,95 ,159 ,27 ,35 ,41 
2015-03-14,481,182,559,796,1145,63 ,179 ,68 ,88 ,203 
2015-03-14,744,1170,214,98,2,70 ,83 ,98 ,26 ,75 
2015-03-14,921,1236,568,481,898,53 ,154 ,19 ,8 ,3 
2015-03-14,330,547,527,16,1136,4 ,24 ,50 ,6 ,272 
2015-03-14,26,289,1251,395,601,364 ,158 ,10 ,24 ,48 
2015-03-15,979,917,1102,772,1069,359 ,87 ,22 ,15 ,35 
2015-03-15,577,916,1807,788,911,192 ,5 ,93 ,70 ,415 
2015-03-15,749,1368,1397,319,1051,33 ,174 ,78 ,77 ,58 
2015-03-15,1264,1004,1426,933,932,65 ,127 ,85 ,41 ,379 
2015-03-15,970,742,1611,906,112,62 ,19 ,33 ,87 ,172 
2015-03-15,105,571,487,231,30,210 ,141 ,73 ,72 ,36 
2015-03-15,1234,1316,920,656,364,225 ,98 ,66 ,18 ,348 
2015-03-15,184,88,545,31,260,197 ,112 ,32 ,5 ,275 
2015-03-16,795,1070,786,347,34,9 ,80 ,91 ,57 ,474 
2015-03-16,961,696,222,514,850,6 ,161 ,5 ,18 ,335 
2015-03-16,1183,1289,45,754,54,385 ,131 ,56 ,26 ,413 
2015-03-16,844,510,800,396,184,83 ,173 ,3 ,30 ,58 
2015-03-16,359,605,1655,284,728,396 ,68 ,57 ,9 ,460 
2015-03-16,1023,120,1791,263,327,51 ,112 ,77 ,59 ,430 
2015-03-16,433,244,1930,908,689,1 ,20 ,17 ,26 ,25 
2015-03-16,350,852,1361,419,758,168 ,50 ,67 ,29 ,378 
2015-03-17,969,472,493,82,841,7 ,17 ,51 ,92 ,2 
2015-03-17,265,661,398,653,381,10 ,46 ,78 ,70 ,477 
2015-03-17,544,1041,1425,308,318,299 ,30 ,18 ,3 ,461 
2015-03-17,1101,1299,1959,518,620,358 ,149 ,5 ,60 ,284 
2015-03-17,884,1374,65,915,842,103 ,129 ,46 ,38 ,156 
2015-03-17,288,1263,926,22,438,109 ,87 ,58 ,84 ,359 
2015-03-17,612,422,103,298,1036,155 ,195 ,14 ,53 ,439 
2015-03-17,1243,862,757,733,914,243 ,180 ,10 ,40 ,487 
2015-03-18,549,329,510,721,90,299 ,188 ,31 ,95 ,433 
2015-03-18,645,1189,1099,592,880,142 ,108 ,24 ,5 ,177 
2015-03-18,38,1200,696,657,330,205 ,66 ,67 ,69 ,159 
2015-03-18,1106,478,1628,178,192,174 ,186 ,92 ,57 ,98 
2015-03-18,587,1391,352,571,946,272 ,188 ,26 ,55 ,413 
2015-03-18,230,185,1354,755,221,325 ,171 ,77 ,34 ,254 
2015-03-18,838,895,1389,449,153,2 ,143 ,70 ,11 ,238 
2015-03-18,623,1001,1800,629,654,374 ,154 ,18 ,18 ,216 
2015-03-19,120,95,237,883,1095,86 ,7 ,23 ,53 ,276 
2015-03-19,1343,661,115,777,1012,81 ,139 ,52 ,37 ,34 
2015-03-19,1481,971,1726,40,619,206 ,113 ,38 ,58 ,60 
2015-03-19,1009,1208,217,288,599,156 ,16 ,52 ,49 ,385 
2015-03-19,587,33,582,201,472,259 ,86 ,83 ,1 ,430 
2015-03-19,282,987,1089,951,12,10 ,113 ,99 ,45 ,444 
2015-03-19,400,1139,1781,383,637,104 ,60 ,8 ,93 ,119 
2015-03-19,1298,763,581,332,345,229 ,51 ,53 ,8 ,166 
2015-03-20,590,144,1084,101,622,39 ,164 ,93 ,58 ,408 
2015-03-20,395,1311,1043,84,383,157 ,70 ,94 ,10 ,199 
2015-03-20,834,683,1050,498,1031,82 ,190 ,13 ,95 ,463 
2015-03-20,1238,446,1648,40,457,392 ,45 ,47 ,84 ,431 
2015-03-20,1251,116,742,472,440,288 ,38 ,84 ,97 ,483 
2015-03-20,520,515,578,286,522,97 ,15 ,27 ,75 ,457 
2015-03-20,1464,409,5,196,639,320 ,2 ,18 ,54 ,426 
2015-03-20,1222,37,1658,315,781,303 ,186 ,91 ,41 ,216 
2015-03-21,121,196,1380,578,884,195 ,182 ,89 ,63 ,276 
2015-03-21,751,138,1325,656,71,296 ,91 ,48 ,27 ,40 
2015-03-21,1206,1404,474,761,438,266 ,152 ,6 ,65 ,446 
2015-03-21,475,815,1571,310,589,315 ,77 ,90 ,61 ,213 
2015-03-21,1314,618,362,761,1164,153 ,65 ,21 ,2 ,135 
2015-03-21,1314,311,1779,675,593,150 ,163 ,12 ,45 ,54 
2015-03-21,921,1441,685,635,1177,236 ,4 ,14 ,58 ,117 
2015-03-21,621,1429,1763,713,459,30 ,78 ,54 ,51 ,299 
2015-03-22,839,1381,941,684,1034,184 ,96 ,81 ,20 ,309 
2015-03-22,575,2,991,660,1006,133 ,115 ,68 ,72 ,478 
2015-03-22,1396,1023,775,78,705,340 ,155 ,91 ,96 ,258 
2015-03-22,1033,1053,558,196,661,303 ,51 ,41 ,20 ,471 
2015-03-22,746,46,1230,817,177,178 ,147 ,20 ,59 ,232 
2015-03-22,461,732,713,73,1129,335 ,123 ,59 ,26 ,201 
2015-03-22,50,858,1628,946,554,139 ,166 ,98 ,7 ,109 
2015-03-22,429,765,473,118,235,36 ,146 ,49 ,58 ,478 
2015-03-23,416,1357,1224,819,295,268 ,107 ,61 ,3 ,247 
2015-03-23,904,1027,1151,767,421,153 ,43 ,41 ,80 ,149 
2015-03-23,811,197,830,526,34,159 ,175 ,15 ,71 ,251 
2015-03-23,1437,186,1219,268,207,170 ,113 ,83 ,14 ,452 
2015-03-23,549,493,668,643,473,25 ,162 ,24 ,95 ,260 
2015-03-23,145,997,170,736,634,352 ,113 ,12 ,15 ,140 
2015-03-23,1104,1133,179,366,249,389 ,3 ,40 ,47 ,19 
2015-03-23,2,614,1023,382,387,281 ,156 ,42 ,69 ,380 
2015-03-24,316,1321,1324,647,13,193 ,63 ,75 ,73 ,282 
2015-03-24,775,1203,1833,608,778,282 ,93 ,79 ,13 ,487 
2015-03-24,708,1024,1845,195,821,134 ,108 ,83 ,13 ,462 
2015-03-24,332,322,1876,49,927,47 ,60 ,41 ,85 ,412 
2015-03-24,188,10,459,723,597,56 ,123 ,57 ,37 ,334 
2015-03-24,1092,771,938,468,274,247 ,179 ,28 ,25 ,181 
2015-03-24,1075,847,1175,352,532,325 ,8 ,72 ,82 ,119 
2015-03-24,1433,663,1154,367,302,125 ,166 ,33 ,29 ,402 
2015-03-25,1128,624,1511,382,467,295 ,48 ,80 ,82 ,200 
2015-03-25,1197,124,861,692,664,259 ,39 ,15 ,4 ,475 
2015-03-25,362,989,1585,277,680,360 ,54 ,96 ,98 ,66 
2015-03-25,1263,1047,1289,314,514,147 ,66 ,70 ,37 ,27 
2015-03-25,810,677,438,26,98,5 ,88 ,50 ,61 ,259 
2015-03-25,370,988,741,116,791,42 ,40 ,47 ,47 ,218 
2015-03-25,804,458,1477,135,71,44 ,120 ,25 ,95 ,156 
2015-03-25,300,1284,895,684,167,110 ,79 ,27 ,84 ,472 
2015-03-26,496,1169,754,387,453,35 ,76 ,34 ,69 ,136 
2015-03-26,798,75,759,887,735,132 ,195 ,37 ,35 ,371 
2015-03-26,729,98,875,739,456,45 ,136 ,8 ,84 ,353 
2015-03-26,117,390,1265,1,58,33 ,68 ,35 ,30 ,129 
2015-03-26,480,1329,1846,517,199,11 ,103 ,30 ,3 ,70 
2015-03-26,459,979,1070,796,258,112 ,121 ,0 ,53 ,67 
2015-03-26,850,263,1218,926,959,356 ,85 ,77 ,79 ,314 
2015-03-26,702,427,14,314,493,376 ,182 ,51 ,55 ,63 
2015-03-27,220,395,749,19,802,329 ,2 ,33 ,60 ,103 
2015-03-27,385,673,265,837,760,24 ,196 ,16 ,31 ,424 
2015-03-27,1039,247,1028,303,1061,119 ,31 ,76 ,93 ,60 
2015-03-27,1393,934,1598,205,435,253 ,18 ,82 ,69 ,124 
2015-03-27,232,94,547,165,609,162 ,57 ,66 ,66 ,132 
2015-03-27,791,935,772,587,242,320 ,149 ,73 ,29 ,160 
2015-03-27,114,1002,1349,662,645,135 ,29 ,27 ,5 ,113 
2015-03-27,827,446,700,775,811,166 ,26 ,66 ,65 ,354 
2015-03-28,1070,622,346,952,827,230 ,41 ,4 ,99 ,455 
2015-03-28,767,445,1950,515,429,146 ,6 ,19 ,31 ,141 
2015-03-28,346,76,333,594,1125,231 ,189 ,75 ,58 ,27 
2015-03-28,929,1088,639,54,726,30 ,174 ,85 ,22 ,492 
2015-03-28,379,568,1517,364,1123,122 ,134 ,51 ,34 ,348 
2015-03-28,354,625,697,627,1101,168 ,182 ,41 ,92 ,303 
2015-03-28,206,1086,661,255,808,297 ,109 ,73 ,33 ,6 
2015-03-28,7,696,247,424,519,272 ,177 ,19 ,63 ,196 
2015-03-29,898,338,345,666,147,170 ,70 ,8 ,2 ,258 
2015-03-29,74,838,1604,960,813,306 ,59 ,50 ,11 ,477 
2015-03-29,629,923,75,82,348,359 ,19 ,10 ,7 ,280 
2015-03-29,805,1107,262,247,532,341 ,132 ,0 ,55 ,150 
2015-03-29,862,870,374,529,65,100 ,102 ,49 ,89 ,309 
2015-03-29,783,405,408,244,27,300 ,101 ,63 ,98 ,43 
2015-03-29,1230,108,314,71,83,327 ,105 ,5 ,97 ,107 
2015-03-29,569,458,1386,65,171,296 ,9 ,40 ,53 ,396 
2015-03-30,728,1209,1296,372,958,33 ,196 ,90 ,28 ,64 
2015-03-30,950,905,1663,860,1018,24 ,105 ,50 ,95 ,288 
2015-03-30,209,422,981,803,468,109 ,137 ,97 ,77 ,167 
2015-03-30,962,703,937,113,555,312 ,175 ,28 ,95 ,125 
2015-03-30,944,63,154,857,943,313 ,68 ,84 ,1 ,328 
2015-03-30,658,494,1945,349,294,299 ,176 ,9 ,9 ,490 
2015-03-30,1214,285,1248,280,882,285 ,188 ,46 ,82 ,312 
2015-03-30,227,96,1838,777,868,249 ,27 ,10 ,52 ,304 
2015-03-31,1027,421,81,437,152,313 ,176 ,15 ,66 ,31 
2015-03-31,654,494,315,836,724,266 ,156 ,65 ,11 ,59 
2015-03-31,613,1230,575,641,1047,222 ,123 ,90 ,85 ,424 
2015-03-31,909,1126,215,98,391,97 ,79 ,38 ,66 ,186 
2015-03-31,228,1293,1334,264,941,374 ,88 ,20 ,73 ,396 
2015-03-31,434,804,1740,930,295,150 ,165 ,75 ,27 ,61 
2015-03-31,1068,1300,1076,579,1136,35 ,155 ,70 ,19 ,82 
2015-03-31,1108,523,1053,467,740,274 ,31 ,4 ,39 ,230 